"","long","lat","barrio","comuna","calle","altura","piso_dpto","nivel_gest","nivel_get_1","nivel_get_2","codigo_postal","codigo_postal_argentino"
"1",-58.369903716921,-34.6290555641518,"BOCA",4,"PILCOMAYO",1053,NA,"JEFATURA DE GABINETE DE MINISTROS","SS TRANSPORTE",NA,1163,"C1163AEA"
"2",-58.369903716921,-34.6290555641518,"BOCA",4,"PILCOMAYO",1053,NA,"JEFATURA DE GABINETE DE MINISTROS","SS TRANSPORTE","DG TRANSITO",1163,"C1163AEA"
"3",-58.369903716921,-34.6290555641518,"BOCA",4,"PILCOMAYO",1053,NA,"MINISTERIO DE AMBIENTE Y ESPACIO PUBLICO",NA,NA,1163,"C1163AEA"
"4",-58.369903716921,-34.6290555641518,"BOCA",4,"PILCOMAYO",1053,NA,"MINISTERIO DE AMBIENTE Y ESPACIO PUBLICO","SS DE USO DEL ESPACIO PUBLICO","DG ORDENAMIENTO DEL ESPACIO PUBLICO",1163,"C1163AEA"
"5",-58.369903716921,-34.6290555641518,"BOCA",4,"PILCOMAYO",1053,NA,"MINISTERIO DE AMBIENTE Y ESPACIO PUBLICO","SS MANTENIMIENTO DEL ESPACIO PUBLICO","DG ALUMBRADO",1163,"C1163AEA"
"6",-58.369903716921,-34.6290555641518,"BOCA",4,"PILCOMAYO",1053,NA,"MINISTERIO DE AMBIENTE Y ESPACIO PUBLICO","SS MANTENIMIENTO DEL ESPACIO PUBLICO","DG ARBOLADO",1163,"C1163AEA"
"7",-58.369903716921,-34.6290555641518,"BOCA",4,"PILCOMAYO",1053,NA,"MINISTERIO DE AMBIENTE Y ESPACIO PUBLICO","SS MANTENIMIENTO DEL ESPACIO PUBLICO","DG ESPACIOS VERDES",1163,"C1163AEA"
"8",-58.369903716921,-34.6290555641518,"BOCA",4,"PILCOMAYO",1053,NA,"MINISTERIO DE DESARROLLO URBANO Y TRANSPORTE",NA,NA,1163,"C1163AEA"
"9",-58.369903716921,-34.6290555641518,"BOCA",4,"PILCOMAYO",1053,NA,"MINISTERIO DE DESARROLLO URBANO Y TRANSPORTE","CONSEJO PLAN URBANO AMBIENTAL",NA,1163,"C1163AEA"
"10",-58.369903716921,-34.6290555641518,"BOCA",4,"PILCOMAYO",1053,NA,"MINISTERIO DE DESARROLLO URBANO Y TRANSPORTE","DG COORD LEGAL E INSTITUCIONAL",NA,1163,"C1163AEA"
"11",-58.369903716921,-34.6290555641518,"BOCA",4,"PILCOMAYO",1053,NA,"MINISTERIO DE DESARROLLO URBANO Y TRANSPORTE",NA,"DG REGISTRO DE OBRAS Y CATASTRO",1163,"C1163AEA"
"12",-58.369903716921,-34.6290555641518,"BOCA",4,"PILCOMAYO",1053,NA,"MINISTERIO DE DESARROLLO URBANO Y TRANSPORTE","SECRETARIA DE PLANEAMIENTO",NA,1163,"C1163AEA"
"13",-58.369903716921,-34.6290555641518,"BOCA",4,"PILCOMAYO",1053,NA,"MINISTERIO DE DESARROLLO URBANO Y TRANSPORTE","SECRETARIA DE PLANEAMIENTO","DG INTERPRETACION URBANISTICA",1163,"C1163AEA"
"14",-58.369903716921,-34.6290555641518,"BOCA",4,"PILCOMAYO",1053,NA,"MINISTERIO DE DESARROLLO URBANO Y TRANSPORTE","SECRETARIA DE PLANEAMIENTO","DG PLANEAMIENTO",1163,"C1163AEA"
"15",-58.369903716921,-34.6290555641518,"BOCA",4,"PILCOMAYO",1053,NA,"MINISTERIO DE DESARROLLO URBANO Y TRANSPORTE","SECRETARIA DE PLANEAMIENTO","DG REGISTRO DE OBRAS Y CATASTRO",1163,"C1163AEA"
"16",-58.369903716921,-34.6290555641518,"BOCA",4,"PILCOMAYO",1053,NA,"MINISTERIO DE DESARROLLO URBANO Y TRANSPORTE","SS COORD Y SEGUIMIENTO DE CONTROL","DG SEGUIMIENTO DE GESTION",1163,"C1163AEA"
"17",-58.369903716921,-34.6290555641518,"BOCA",4,"PILCOMAYO",1053,NA,"MINISTERIO DE DESARROLLO URBANO Y TRANSPORTE","SS DE PROYECTOS DE URBANISMO ARQUITECTURA E INFRAESTRUCTURA",NA,1163,"C1163AEA"
"18",-58.369903716921,-34.6290555641518,"BOCA",4,"PILCOMAYO",1053,NA,"MINISTERIO DE DESARROLLO URBANO Y TRANSPORTE","SS DE PROYECTOS DE URBANISMO ARQUITECTURA E INFRAESTRUCTURA","DG DE INFRAESTRUCTURA",1163,"C1163AEA"
"19",-58.369903716921,-34.6290555641518,"BOCA",4,"PILCOMAYO",1053,NA,"MINISTERIO DE DESARROLLO URBANO Y TRANSPORTE","SS TRANSPORTE","DG TRANSITO",1163,"C1163AEA"
"20",-58.369903716921,-34.6290555641518,"BOCA",4,"PILCOMAYO",1053,NA,"MINISTERIO DE DESARROLLO URBANO Y TRANSPORTE","UPE DEL ARROYO MALDONADO",NA,1163,"C1163AEA"
"21",-58.369903716921,-34.6290555641518,"BOCA",4,"PILCOMAYO",1053,NA,"MINISTERIO DE DESARROLLO URBANO Y TRANSPORTE","UPE OBRAS DE RED DE SUBTERRANEOS",NA,1163,"C1163AEA"
"22",-58.369903716921,-34.6290555641518,"BOCA",4,"PILCOMAYO",1053,NA,"MINISTERIO DE GOBIERNO",NA,NA,1163,"C1163AEA"
"23",-58.369903716921,-34.6290555641518,"BOCA",4,"PILCOMAYO",1053,NA,"MINISTERIO DE HABITAT Y DESARROLLO HUMANO","SS DE PROMOCION SOCIAL","DG MUJER",1163,"C1163AEA"
"24",-58.369903716921,-34.6290555641518,"BOCA",4,"PILCOMAYO",1053,NA,"MINISTERIO DE JUSTICIA Y SEGURIDAD","SS DE JUSTICIA","DG ADM.  DE INFRACCIONES",1163,"C1163AEA"
"25",-58.369903716921,-34.6290555641518,"BOCA",4,"PILCOMAYO",1053,NA,"MINISTERIO DE MODERNIZACION, INNOVACION Y TECNOLOGIA",NA,NA,1163,"C1163AEA"
"26",-58.369903716921,-34.6290555641518,"BOCA",4,"PILCOMAYO",1053,NA,"MINISTERIO DE MODERNIZACION, INNOVACION Y TECNOLOGIA","DG ADMINISTRACION DE BIENES",NA,1163,"C1163AEA"
"27",-58.369903716921,-34.6290555641518,"BOCA",4,"PILCOMAYO",1053,NA,"MINISTERIO DE MODERNIZACION, INNOVACION Y TECNOLOGIA","SS DE GESTION DE PROYECTOS DE MODERNIZACION","DG MODERNIZACION ADMINISTRATIVA",1163,"C1163AEA"
"28",-58.369903716921,-34.6290555641518,"BOCA",4,"PILCOMAYO",1053,NA,"MINISTERIO DE MODERNIZACION, INNOVACION Y TECNOLOGIA","SS DE GESTION DE RRHH",NA,1163,"C1163AEA"
"29",-58.369903716921,-34.6290555641518,"BOCA",4,"PILCOMAYO",1053,NA,"MINISTERIO DE MODERNIZACION, INNOVACION Y TECNOLOGIA","SS DE GESTION DE RRHH","DG ADMINISTRACION Y LIQUIDACION DE HABERES",1163,"C1163AEA"
"30",-58.369903716921,-34.6290555641518,"BOCA",4,"PILCOMAYO",1053,NA,"MINISTERIO DE MODERNIZACION, INNOVACION Y TECNOLOGIA","SS DE TRABAJO","DG EMPLEO",1163,"C1163AEA"
"31",-58.3676737230989,-34.6269855707638,"BOCA",4,"BROWN, Alte., Av.",12,NA,"MINISTERIO DE AMBIENTE Y ESPACIO PUBLICO","SS MANTENIMIENTO DEL ESPACIO PUBLICO","ENTE DE MANTENIMIENTO URBANO INTEGRAL",1155,"C1155ADN"
"32",-58.3687737235443,-34.6403755305562,"BOCA",4,"REGIMIENTO DE PATRICIOS, Av.",1142,NA,"MINISTERIO DE JUSTICIA Y SEGURIDAD",NA,NA,1265,"C1265AER"
"33",-58.3687737235443,-34.6403755305562,"BOCA",4,"REGIMIENTO DE PATRICIOS, Av.",1142,NA,"MINISTERIO DE JUSTICIA Y SEGURIDAD","COMITE DE SEGUIMIENTO DEL SISTEMA DE SEG PUBLICA",NA,1265,"C1265AER"
"34",-58.3687737235443,-34.6403755305562,"BOCA",4,"REGIMIENTO DE PATRICIOS, Av.",1142,NA,"MINISTERIO DE JUSTICIA Y SEGURIDAD","DG DE ESTUDIOS Y TECNOLOGIA DE LA INFORMACION",NA,1265,"C1265AER"
"35",-58.3687737235443,-34.6403755305562,"BOCA",4,"REGIMIENTO DE PATRICIOS, Av.",1142,NA,"MINISTERIO DE JUSTICIA Y SEGURIDAD","SS DE ADMINIST DE LA POLICIA METROPOLITANA",NA,1265,"C1265AER"
"36",-58.3687737235443,-34.6403755305562,"BOCA",4,"REGIMIENTO DE PATRICIOS, Av.",1142,NA,"MINISTERIO DE JUSTICIA Y SEGURIDAD","SS DE ADMINIST DE LA POLICIA METROPOLITANA","DG DE ADM DE RR HH DE LA POLICIA METROPOLITANA",1265,"C1265AER"
"37",-58.3687737235443,-34.6403755305562,"BOCA",4,"REGIMIENTO DE PATRICIOS, Av.",1142,NA,"MINISTERIO DE JUSTICIA Y SEGURIDAD","SS DE EMERGENCIAS",NA,1265,"C1265AER"
"38",-58.3687737235443,-34.6403755305562,"BOCA",4,"REGIMIENTO DE PATRICIOS, Av.",1142,NA,"MINISTERIO DE JUSTICIA Y SEGURIDAD","SS DE JUSTICIA",NA,1265,"C1265AER"
"39",-58.3687737235443,-34.6403755305562,"BOCA",4,"REGIMIENTO DE PATRICIOS, Av.",1142,NA,"MINISTERIO DE JUSTICIA Y SEGURIDAD","SS JEFATURA DE POLICIA METROPOLITANA",NA,1265,"C1265AER"
"40",-58.3687737235443,-34.6403755305562,"BOCA",4,"REGIMIENTO DE PATRICIOS, Av.",1142,NA,"MINISTERIO DE JUSTICIA Y SEGURIDAD","SS SEGURIDAD URBANA",NA,1265,"C1265AER"
"41",-58.3687737235443,-34.6403755305562,"BOCA",4,"REGIMIENTO DE PATRICIOS, Av.",1142,NA,"MINISTERIO DE JUSTICIA Y SEGURIDAD","SS SEGURIDAD URBANA","DG SEGURIDAD PRIVADA",1265,"C1265AER"
"42",-58.3772236930691,-34.6231755803013,"CONSTITUCION",1,"PIEDRAS",1277,NA,"MINISTERIO DE HABITAT Y DESARROLLO HUMANO","SS DE FORTALECIMIENTO FAMILIAR Y COMUNITARIO",NA,1140,"C1140ABA"
"43",-58.3772236930691,-34.6231755803013,"CONSTITUCION",1,"PIEDRAS",1277,NA,"MINISTERIO DE HABITAT Y DESARROLLO HUMANO","SS DE PROMOCION SOCIAL","DG FORTALECIMIENTO DE LA SOC. CIVIL",1140,"C1140ABA"
"44",-58.3772236930691,-34.6231755803013,"CONSTITUCION",1,"PIEDRAS",1277,NA,"MINISTERIO DE HABITAT Y DESARROLLO HUMANO","SS DE PROMOCION SOCIAL","DG MUJER",1140,"C1140ABA"
"45",-58.3772236930691,-34.6231755803013,"CONSTITUCION",1,"PIEDRAS",1277,NA,"MINISTERIO DE HABITAT Y DESARROLLO HUMANO","SS DE PROMOCION SOCIAL","DG NIÑEZ Y ADOLESCENCIA",1140,"C1140ABA"
"46",-58.3772236930691,-34.6231755803013,"CONSTITUCION",1,"PIEDRAS",1277,NA,"MINISTERIO DE HABITAT Y DESARROLLO HUMANO","SS DE PROMOCION SOCIAL","DG POLITICAS SOCIALES Y ADICCIONES",1140,"C1140ABA"
"47",-58.3772236930691,-34.6231755803013,"CONSTITUCION",1,"PIEDRAS",1277,NA,"MINISTERIO DE HABITAT Y DESARROLLO HUMANO","SS DE PROMOCION SOCIAL","DG SERVICIOS SOCIALES ZONALES",1140,"C1140ABA"
"48",-58.3772236930691,-34.6231755803013,"CONSTITUCION",1,"PIEDRAS",1277,NA,"MINISTERIO DE MODERNIZACION, INNOVACION Y TECNOLOGIA","SS DE DEPORTES",NA,1140,"C1140ABA"
"49",-58.376523695608,-34.6248455755165,"SAN TELMO",1,"GARAY, JUAN de, Av.",759,NA,"MINISTERIO DE HABITAT Y DESARROLLO HUMANO","SS TERCERA EDAD","DG PROMOCION Y SERVICIOS",1153,"C1153ABF"
"50",-58.3768536941119,-34.6227555816921,"SAN TELMO",1,"PIEDRAS",1254,NA,"MINISTERIO DE DESARROLLO URBANO Y TRANSPORTE","AUSA",NA,1140,"C1140ABB"
"51",-58.3768336941162,-34.6228055815406,"SAN TELMO",1,"PIEDRAS",1260,NA,"MINISTERIO DE DESARROLLO URBANO Y TRANSPORTE","AUSA",NA,1140,"C1140ABB"
"52",-58.3768336941162,-34.6228055815406,"SAN TELMO",1,"PIEDRAS",1260,NA,"MINISTERIO DE DESARROLLO URBANO Y TRANSPORTE","SS DE PROYECTOS DE URBANISMO ARQUITECTURA E INFRAESTRUCTURA","DG DE OBRAS DE ARQUITECTURA",1140,"C1140ABB"
"53",-58.3768336941162,-34.6228055815406,"SAN TELMO",1,"PIEDRAS",1260,NA,"MINISTERIO DE DESARROLLO URBANO Y TRANSPORTE","SS DE PROYECTOS DE URBANISMO ARQUITECTURA E INFRAESTRUCTURA","DG DE OBRAS DE INGENIERIA",1140,"C1140ABB"
"54",-58.3770136936889,-34.6231055806253,"SAN TELMO",1,"PIEDRAS",1274,NA,"MINISTERIO DE DESARROLLO URBANO Y TRANSPORTE","SS DE PROYECTOS DE URBANISMO ARQUITECTURA E INFRAESTRUCTURA","DG DE OBRAS DE ARQUITECTURA",1140,"C1140ABB"
"55",-58.375673697739,-34.6231055808625,"SAN TELMO",1,"CHACABUCO",1281,NA,"MINISTERIO DE DESARROLLO URBANO Y TRANSPORTE","AUSA",NA,1140,"C1140AAA"
"56",-58.3756936975677,-34.6228255816859,"SAN TELMO",1,"CHACABUCO",1257,NA,"MINISTERIO DE DESARROLLO URBANO Y TRANSPORTE","SS DE PROYECTOS DE URBANISMO ARQUITECTURA E INFRAESTRUCTURA","DG DE OBRAS DE ARQUITECTURA",1140,"C1140AAA"
"57",-58.3770336935795,-34.6229155811932,"SAN TELMO",1,"PIEDRAS",1266,NA,"MINISTERIO DE DESARROLLO URBANO Y TRANSPORTE","SS DE PROYECTOS DE URBANISMO ARQUITECTURA E INFRAESTRUCTURA","DG DE OBRAS DE ARQUITECTURA",1140,"C1140ABB"
"58",-58.3770236936321,-34.6230155808334,"SAN TELMO",1,"PIEDRAS",1272,NA,"MINISTERIO DE DESARROLLO URBANO Y TRANSPORTE","SS DE PROYECTOS DE URBANISMO ARQUITECTURA E INFRAESTRUCTURA","DG DE OBRAS DE ARQUITECTURA",1140,"C1140ABB"
"59",-58.3764836952943,-34.6231155806777,"SAN TELMO",1,"COCHABAMBA",755,NA,"MINISTERIO DE DESARROLLO URBANO Y TRANSPORTE","SS DE PROYECTOS DE URBANISMO ARQUITECTURA E INFRAESTRUCTURA","DG DE OBRAS DE ARQUITECTURA",1150,"C1150AAK"
"60",-58.376403695533,-34.6231155806296,"SAN TELMO",1,"COCHABAMBA",753,NA,"MINISTERIO DE DESARROLLO URBANO Y TRANSPORTE","SS DE PROYECTOS DE URBANISMO ARQUITECTURA E INFRAESTRUCTURA","DG DE OBRAS DE ARQUITECTURA",1150,"C1150AAK"
"61",-58.3756836976704,-34.6229655812312,"SAN TELMO",1,"CHACABUCO",1271,NA,"MINISTERIO DE DESARROLLO URBANO Y TRANSPORTE","SS DE PROYECTOS DE URBANISMO ARQUITECTURA E INFRAESTRUCTURA","DG DE OBRAS DE ARQUITECTURA",1140,"C1140AAA"
"62",-58.3759636967848,-34.622745581836,"SAN TELMO",1,"CHACABUCO",1255,NA,"MINISTERIO DE DESARROLLO URBANO Y TRANSPORTE","SS DE PROYECTOS DE URBANISMO ARQUITECTURA E INFRAESTRUCTURA","DG DE OBRAS DE ARQUITECTURA",1140,"C1140AAA"
"63",-58.3694637162693,-34.6219655854726,"SAN TELMO",1,"SAN JUAN, Av.",250,"Piso:PB Depto:2","MINISTERIO DE EDUCACION","SS DE GESTION ECONOMICO FINANCIERA Y AD. DE RECURSOS","DG INFRAESTRUCTURA ESCOLAR",1147,"C1147AAN"
"64",-58.3694637162693,-34.6219655854726,"SAN TELMO",1,"SAN JUAN, Av.",250,"Piso:PB Depto:2","MINISTERIO DE EDUCACION","SS POLITICAS EDUCATIVAS Y CARRERA DOCENTE","DG CARRERA DOCENTE",1147,"C1147AAN"
"65",-58.3679337213334,-34.6234655812326,"SAN TELMO",1,"PASEO COLON, Av.",1366,NA,"MINISTERIO DE HABITAT Y DESARROLLO HUMANO","SS DE PROMOCION SOCIAL","DG NIÑEZ Y ADOLESCENCIA",1063,"C1063ADN"
"66",-58.3663737254555,-34.6213955877318,"SAN TELMO",1,"HUERGO, Ing., Av.",1197,NA,"JEFATURA DE GABINETE DE MINISTROS","SS DERECHOS HUMANOS Y PLURALISMO CULTURAL","INSTITUTO DE ESPACIO PARA LA MEMORIA",1107,"C1107AOL"
"67",-58.3663737254555,-34.6213955877318,"SAN TELMO",1,"HUERGO, Ing., Av.",1197,NA,"JEFATURA DE GABINETE DE MINISTROS","SS TRANSPORTE","DG TRANSITO",1107,"C1107AOL"
"68",-58.3662837257069,-34.6211955883671,"SAN TELMO",1,"HUERGO, Ing., Av.",1179,"Piso:PB Depto:1","MINISTERIO DE MODERNIZACION, INNOVACION Y TECNOLOGIA","SS DESARROLLO INCLUSIVO","COPIDIS",1107,"C1107AOL"
"69",-58.3662837257069,-34.6211955883671,"SAN TELMO",1,"HUERGO, Ing., Av.",1179,"Piso:PB Depto:1","MINISTERIO DE SALUD","SS DE ATENCION INTEGRADA DE SALUD","DG DE REDES Y PROGRAMAS DE SALUD",1107,"C1107AOL"
"70",-58.3662837257069,-34.6211955883671,"SAN TELMO",1,"HUERGO, Ing., Av.",1179,"Piso:PB Depto:2","MINISTERIO DE MODERNIZACION, INNOVACION Y TECNOLOGIA","SS DESARROLLO INCLUSIVO","COPIDIS",1107,"C1107AOL"
"71",-58.3662837257069,-34.6211955883671,"SAN TELMO",1,"HUERGO, Ing., Av.",1179,"Piso:PB Depto:2","MINISTERIO DE SALUD","SS DE ATENCION INTEGRADA DE SALUD","DG DE REDES Y PROGRAMAS DE SALUD",1107,"C1107AOL"
"72",-58.3662837257069,-34.6211955883671,"SAN TELMO",1,"HUERGO, Ing., Av.",1179,"Piso:5 Depto:W","MINISTERIO DE HACIENDA",NA,NA,1107,"C1107AOL"
"73",-58.3665837239692,-34.6184755964375,"SAN TELMO",1,"HUERGO, Ing., Av.",921,NA,"JEFATURA DE GABINETE DE MINISTROS","SS ASUNTOS PUBLICOS","DG COORD. DE GESTION POLITICA Y RELACIONES INSTITUCIONALES",1107,"C1107AOJ"
"74",-58.3665837239692,-34.6184755964375,"SAN TELMO",1,"HUERGO, Ing., Av.",921,NA,"MINISTERIO DE AMBIENTE Y ESPACIO PUBLICO",NA,NA,1107,"C1107AOJ"
"75",-58.3665837239692,-34.6184755964375,"SAN TELMO",1,"HUERGO, Ing., Av.",921,NA,"MINISTERIO DE AMBIENTE Y ESPACIO PUBLICO","SS DE HIGIENE URBANA","DG LIMPIEZA",1107,"C1107AOJ"
"76",-58.3665837239692,-34.6184755964375,"SAN TELMO",1,"HUERGO, Ing., Av.",921,NA,"MINISTERIO DE AMBIENTE Y ESPACIO PUBLICO","SS DE USO DEL ESPACIO PUBLICO","DG INSPECCION DEL USO DEL ESPACIO PUBLICO",1107,"C1107AOJ"
"77",-58.3665837239692,-34.6184755964375,"SAN TELMO",1,"HUERGO, Ing., Av.",921,NA,"MINISTERIO DE AMBIENTE Y ESPACIO PUBLICO","SS MANTENIMIENTO DEL ESPACIO PUBLICO","DG ARBOLADO",1107,"C1107AOJ"
"78",-58.3665837239692,-34.6184755964375,"SAN TELMO",1,"HUERGO, Ing., Av.",921,NA,"MINISTERIO DE AMBIENTE Y ESPACIO PUBLICO","SS MANTENIMIENTO DEL ESPACIO PUBLICO","ENTE DE MANTENIMIENTO URBANO INTEGRAL",1107,"C1107AOJ"
"79",-58.3908636525769,-34.6261255688728,"CONSTITUCION",1,"PAVON",1765,NA,"MINISTERIO DE HABITAT Y DESARROLLO HUMANO","SS DE FORTALECIMIENTO FAMILIAR Y COMUNITARIO",NA,1151,"C1151ABM"
"80",-58.3908636525769,-34.6261255688728,"CONSTITUCION",1,"PAVON",1765,NA,"MINISTERIO DE HABITAT Y DESARROLLO HUMANO","SS DE FORTALECIMIENTO FAMILIAR Y COMUNITARIO","DG ATENCION INMEDIATA",1151,"C1151ABM"
"81",-58.3881636601071,-34.6237455765112,"CONSTITUCION",1,"COCHABAMBA",1577,NA,"MINISTERIO DE HABITAT Y DESARROLLO HUMANO","SS DE FORTALECIMIENTO FAMILIAR Y COMUNITARIO","DG ATENCION INMEDIATA",1148,"C1148ABC"
"82",-58.3880736602966,-34.623735576537,"CONSTITUCION",1,"COCHABAMBA",1571,NA,"JEFATURA DE GABINETE DE MINISTROS","SS TRANSPORTE","DG CUERPOS DE AGENTES DE CONTROL DE TRANSITO Y EL TRANSPORTE",1148,"C1148ABC"
"83",-58.3880736602966,-34.623735576537,"CONSTITUCION",1,"COCHABAMBA",1571,NA,"JEFATURA DE GABINETE DE MINISTROS","SS TRANSPORTE","DG TRANSITO",1148,"C1148ABC"
"84",-58.3879736606268,-34.6237255765909,"CONSTITUCION",1,"COCHABAMBA",1569,NA,"JEFATURA DE GABINETE DE MINISTROS","SS TRANSPORTE",NA,1148,"C1148ABC"
"85",-58.3850136692619,-34.6224855808764,"CONSTITUCION",1,"SAN JUAN, Av.",1340,NA,"MINISTERIO DE HACIENDA","AGIP","DG ESTADISTICAS Y CENSOS",1148,"C1148AAO"
"86",-58.3850936689701,-34.6224855808663,"CONSTITUCION",1,"SAN JUAN, Av.",1350,NA,"MINISTERIO DE HACIENDA","AGIP","DG ESTADISTICAS Y CENSOS",1148,"C1148AAO"
"87",-58.3834236730133,-34.6186755925904,"CONSTITUCION",1,"ESTADOS UNIDOS",1228,NA,"MINISTERIO DE EDUCACION","SS DE GESTION ECONOMICO FINANCIERA Y AD. DE RECURSOS",NA,1101,"C1101AAZ"
"88",-58.3834236730133,-34.6186755925904,"CONSTITUCION",1,"ESTADOS UNIDOS",1228,NA,"MINISTERIO DE EDUCACION","SS DE GESTION ECONOMICO FINANCIERA Y AD. DE RECURSOS","DG ADMINISTRACION DE MANTENIMIENTO",1101,"C1101AAZ"
"89",-58.3834236730133,-34.6186755925904,"CONSTITUCION",1,"ESTADOS UNIDOS",1228,NA,"MINISTERIO DE EDUCACION","SS DE GESTION ECONOMICO FINANCIERA Y AD. DE RECURSOS","DG INFRAESTRUCTURA ESCOLAR",1101,"C1101AAZ"
"90",-58.3835636725634,-34.6186755925332,"CONSTITUCION",1,"ESTADOS UNIDOS",1236,NA,"MINISTERIO DE EDUCACION","SS DE GESTION ECONOMICO FINANCIERA Y AD. DE RECURSOS","DG INFRAESTRUCTURA ESCOLAR",1101,"C1101AAZ"
"91",-58.3819536791551,-34.6245155754107,"CONSTITUCION",1,"COCHABAMBA",1130,NA,"MINISTERIO DE EDUCACION","SS POLITICAS EDUCATIVAS Y CARRERA DOCENTE","DG CARRERA DOCENTE",1150,"C1150AAT"
"92",-58.3794136862121,-34.6223755823296,"CONSTITUCION",1,"IRIGOYEN, BERNARDO de",1202,NA,"MINISTERIO DE JUSTICIA Y SEGURIDAD","SS DE EMERGENCIAS","DG DE GUARDIA DE AUXILIO Y EMERGENCIAS",1138,"C1138ABB"
"93",-58.3794436863094,-34.6229255806781,"CONSTITUCION",1,"IRIGOYEN, BERNARDO de",1270,NA,"MINISTERIO DE JUSTICIA Y SEGURIDAD","SS DE EMERGENCIAS","DG DE GUARDIA DE AUXILIO Y EMERGENCIAS",1138,"C1138ABB"
"94",-58.3781336876917,-34.6141056072449,"MONSERRAT",1,"VENEZUELA",842,NA,"DEFENSORIA DEL PUEBLO",NA,NA,1095,"C1095AAR"
"95",-58.3782536870944,-34.6130356104396,"MONSERRAT",1,"BELGRANO, Av.",836,"Piso:1º","MINISTERIO DE HABITAT Y DESARROLLO HUMANO","SS TERCERA EDAD","DG PROMOCION Y SERVICIOS",1092,"C1092AAV"
"96",-58.3782536870944,-34.6130356104396,"MONSERRAT",1,"BELGRANO, Av.",836,"Piso:1º","MINISTERIO DE HACIENDA","SS DE GESTION Y ADM. FINANCIERA","DG CONTADURIA",1092,"C1092AAV"
"97",-58.3782536870944,-34.6130356104396,"MONSERRAT",1,"BELGRANO, Av.",836,"Piso:1º","MINISTERIO DE HACIENDA","SS DE GESTION Y ADM. FINANCIERA","DG TESORERIA",1092,"C1092AAV"
"98",-58.3790636837586,-34.6100056193299,"MONSERRAT",1,"TACUARI",138,NA,"CONSEJO DE LA MAGISTRATURA DE LA CABA",NA,NA,1071,"C1071AAD"
"99",-58.3790136837873,-34.6095856206144,"MONSERRAT",1,"YRIGOYEN, HIPOLITO",888,"Piso:5°, SS; TACUARI 104/114/118","MINISTERIO DE JUSTICIA Y SEGURIDAD","REGISTRO DE VERIFICACION DE AUTOPARTES",NA,1086,"C1086AAN"
"100",-58.3749936980567,-34.6171455987893,"SAN TELMO",1,"INDEPENDENCIA, Av.",629,NA,"MINISTERIO DE MODERNIZACION, INNOVACION Y TECNOLOGIA","AGENCIA DE SISTEMAS DE INFORMACION",NA,1099,"C1099AAG"
"101",-58.3749936980567,-34.6171455987893,"SAN TELMO",1,"INDEPENDENCIA, Av.",629,NA,"MINISTERIO DE MODERNIZACION, INNOVACION Y TECNOLOGIA","AGENCIA DE SISTEMAS DE INFORMACION","COORDINACION GRAL DE GESTION DE PROYECTOS",1099,"C1099AAG"
"102",-58.3749936980567,-34.6171455987893,"SAN TELMO",1,"INDEPENDENCIA, Av.",629,NA,"MINISTERIO DE MODERNIZACION, INNOVACION Y TECNOLOGIA","AGENCIA DE SISTEMAS DE INFORMACION","DG DE GOBIERNO ELECTRONICO",1099,"C1099AAG"
"103",-58.3749936980567,-34.6171455987893,"SAN TELMO",1,"INDEPENDENCIA, Av.",629,NA,"MINISTERIO DE MODERNIZACION, INNOVACION Y TECNOLOGIA","AGENCIA DE SISTEMAS DE INFORMACION","DG INSFRAESTRUCTURA",1099,"C1099AAG"
"104",-58.3762336922198,-34.6096456210296,"MONSERRAT",1,"CHACABUCO",132,"Piso:1-5 Piso","MINISTERIO DE JUSTICIA Y SEGURIDAD","SS DE JUSTICIA","DG ELECTORAL",1069,"C1069AAD"
"105",-58.3762336922198,-34.6096456210296,"MONSERRAT",1,"CHACABUCO",132,"Piso:1-5 Piso","MINISTERIO DE JUSTICIA Y SEGURIDAD","SS DE JUSTICIA","DG JUSTICIA  REGISTRO  Y MEDIACION",1069,"C1069AAD"
"106",-58.3752136948514,-34.6081556256513,"MONSERRAT",1,"RIVADAVIA, Av.",602,"Piso:2°,5°,8; PERU 7","MINISTERIO DE GOBIERNO",NA,NA,1002,"C1002AAR"
"107",-58.3752136948514,-34.6081556256513,"MONSERRAT",1,"RIVADAVIA, Av.",602,"Piso:2°,5°,8; PERU 7","MINISTERIO DE GOBIERNO","SS ASUNTOS POLITICOS",NA,1002,"C1002AAR"
"108",-58.3752136948514,-34.6081556256513,"MONSERRAT",1,"RIVADAVIA, Av.",602,"Piso:2°,5°,8; PERU 7","MINISTERIO DE GOBIERNO","SS GOBIERNO",NA,1002,"C1002AAR"
"109",-58.3752136948514,-34.6081556256513,"MONSERRAT",1,"RIVADAVIA, Av.",602,"Piso:2°,5°,8; PERU 7","MINISTERIO DE GOBIERNO","UPE CUENCA MATANZA- RIACHUELO",NA,1002,"C1002AAR"
"110",-58.3752136948514,-34.6081556256513,"MONSERRAT",1,"RIVADAVIA, Av.",602,"Piso:2°,5°,8; PERU 7","VICEJEFATURA DE GOBIERNO","SECRETARIA DE DESARROLLO CIUDADANO","DG DESARROLLO SALUDABLE",1002,"C1002AAR"
"111",-58.3752136948514,-34.6081556256513,"MONSERRAT",1,"RIVADAVIA, Av.",602,"Piso:2°,5°,8; PERU 7","VICEJEFATURA DE GOBIERNO","SECRETARIA DE DESARROLLO CIUDADANO","DG POLITICAS DE JUVENTUD",1002,"C1002AAR"
"112",-58.3750836953849,-34.6084156248972,"MONSERRAT",1,"DE MAYO, Av.",601,"Piso:8 Depto:A","SECRETARIA DE GESTION COMUNAL Y ATENCION CIUDADANA","SS ESPACIO PUBLICO COMUNAL","DG COORD DEL MANTENIMIENTO DEL ESPACIO PUBLICO COMUNAL",1084,"C1084AAB"
"113",-58.3746436977769,-34.6122756134812,"MONSERRAT",1,"PERU",354,NA,"MINISTERIO DE AMBIENTE Y ESPACIO PUBLICO","SS DE HIGIENE URBANA","DG LIMPIEZA",1067,"C1067AAH"
"114",-58.3746436977769,-34.6122756134812,"MONSERRAT",1,"PERU",354,NA,"MINISTERIO DE CULTURA","SS PATRIMONIO CULTURAL","DG ENSEÑANZA ARTISTICA",1067,"C1067AAH"
"115",-58.3746436977769,-34.6122756134812,"MONSERRAT",1,"PERU",354,NA,"MINISTERIO DE HACIENDA","SS DE GESTION Y ADM. FINANCIERA","DG CONTADURIA",1067,"C1067AAH"
"116",-58.3739536986675,-34.608035626239,"MONSERRAT",1,"RIVADAVIA, Av.",524,NA,"JEFATURA DE GABINETE DE MINISTROS",NA,NA,1002,"C1002AAQ"
"117",-58.3739536986675,-34.608035626239,"MONSERRAT",1,"RIVADAVIA, Av.",524,NA,"JEFE DE GOBIERNO",NA,NA,1002,"C1002AAQ"
"118",-58.3739536986675,-34.608035626239,"MONSERRAT",1,"RIVADAVIA, Av.",524,NA,"MINISTERIO DE HACIENDA",NA,NA,1002,"C1002AAQ"
"119",-58.3739536986675,-34.608035626239,"MONSERRAT",1,"RIVADAVIA, Av.",524,NA,"MINISTERIO DE HACIENDA","SS GESTION OPERATIVA","DG REDETERMINACION DE PRECIOS",1002,"C1002AAQ"
"120",-58.3739536986675,-34.608035626239,"MONSERRAT",1,"RIVADAVIA, Av.",524,NA,"MINISTERIO DE JUSTICIA Y SEGURIDAD","SS DE ADMINIST DE LA POLICIA METROPOLITANA",NA,1002,"C1002AAQ"
"121",-58.3739536986675,-34.608035626239,"MONSERRAT",1,"RIVADAVIA, Av.",524,NA,"MINISTERIO DE JUSTICIA Y SEGURIDAD","SUBJEFATURA DE POLICIA METROPOLITANA",NA,1002,"C1002AAQ"
"122",-58.3739536986675,-34.608035626239,"MONSERRAT",1,"RIVADAVIA, Av.",524,NA,"MINISTERIO DE MODERNIZACION, INNOVACION Y TECNOLOGIA","SS DE GESTION DE RRHH","DG ADMINISTRACION DE MEDICINA DEL TRABAJO",1002,"C1002AAQ"
"123",-58.3739536986675,-34.608035626239,"MONSERRAT",1,"RIVADAVIA, Av.",524,NA,"SECRETARIA DE COMUNICACION SOCIAL",NA,NA,1002,"C1002AAQ"
"124",-58.3739536986675,-34.608035626239,"MONSERRAT",1,"RIVADAVIA, Av.",524,NA,"SECRETARIA DE MEDIOS",NA,NA,1002,"C1002AAQ"
"125",-58.3739536986675,-34.608035626239,"MONSERRAT",1,"RIVADAVIA, Av.",524,NA,"SECRETARIA DE MEDIOS","SS MEDIOS Y DE PRENSA",NA,1002,"C1002AAQ"
"126",-58.3739536986675,-34.608035626239,"MONSERRAT",1,"RIVADAVIA, Av.",524,NA,"SECRETARIA GENERAL",NA,NA,1002,"C1002AAQ"
"127",-58.3739536986675,-34.608035626239,"MONSERRAT",1,"RIVADAVIA, Av.",524,NA,"SECRETARIA GENERAL","SS DE CONTENIDOS","DG DE CONTENIDOS",1002,"C1002AAQ"
"128",-58.3739536986675,-34.608035626239,"MONSERRAT",1,"RIVADAVIA, Av.",524,NA,"SECRETARIA GENERAL","SS RELACIONES INTERNACIONALES E INSTITUCIONALES",NA,1002,"C1002AAQ"
"129",-58.3739536986675,-34.608035626239,"MONSERRAT",1,"RIVADAVIA, Av.",524,NA,"SECRETARIA LEGAL Y TECNICA",NA,NA,1002,"C1002AAQ"
"130",-58.3739536986675,-34.608035626239,"MONSERRAT",1,"RIVADAVIA, Av.",524,NA,"SECRETARIA LEGAL Y TECNICA","DG MESA DE ENTRADA Y SALIDA DE ARCHIVOS",NA,1002,"C1002AAQ"
"131",-58.3739536986675,-34.608035626239,"MONSERRAT",1,"RIVADAVIA, Av.",524,NA,"SECRETARIA LEGAL Y TECNICA","DG TECNICA Y ADMINISTRATIVA",NA,1002,"C1002AAQ"
"132",-58.3739536986675,-34.608035626239,"MONSERRAT",1,"RIVADAVIA, Av.",524,NA,"VICEJEFATURA DE GOBIERNO",NA,NA,1002,"C1002AAQ"
"133",-58.3739536986675,-34.608035626239,"MONSERRAT",1,"RIVADAVIA, Av.",524,NA,"VICEJEFATURA DE GOBIERNO","SECRETARIA DE DESARROLLO CIUDADANO",NA,1002,"C1002AAQ"
"134",-58.3740436984214,-34.6080356262247,"MONSERRAT",1,"RIVADAVIA, Av.",530,NA,"MINISTERIO DE HACIENDA","SS DE GESTION Y ADM. FINANCIERA","DG OF. GESTION  PUBLICA Y PRESUP.",1002,"C1002AAQ"
"135",-58.3744236973052,-34.6082356255685,"MONSERRAT",1,"RIVADAVIA, Av.",552,"Piso:4º","AUDITORIA GRAL DE LA CIUDAD DE BUENOS AIRES",NA,NA,1002,"C1002AAQ"
"136",-58.3744236973052,-34.6082356255685,"MONSERRAT",1,"RIVADAVIA, Av.",552,"Piso:4º","MINISTERIO DE CULTURA",NA,NA,1002,"C1002AAQ"
"137",-58.3744236973052,-34.6082356255685,"MONSERRAT",1,"RIVADAVIA, Av.",552,"Piso:4º","MINISTERIO DE CULTURA",NA,"DG TECNICA ADM Y LEGAL",1002,"C1002AAQ"
"138",-58.3744236973052,-34.6082356255685,"MONSERRAT",1,"RIVADAVIA, Av.",552,"Piso:4º","MINISTERIO DE CULTURA","SS GESTION CULTURAL","DG PROMOCION CULTURAL",1002,"C1002AAQ"
"139",-58.3744236973052,-34.6082356255685,"MONSERRAT",1,"RIVADAVIA, Av.",552,"Piso:4º","MINISTERIO DE CULTURA","SS GESTION CULTURAL","DG RELACIONES INSTITUCIONALES Y CON LA COMUNIDAD",1002,"C1002AAQ"
"140",-58.3744236973052,-34.6082356255685,"MONSERRAT",1,"RIVADAVIA, Av.",552,"Piso:4º","MINISTERIO DE CULTURA","SS PATRIMONIO CULTURAL",NA,1002,"C1002AAQ"
"141",-58.3744236973052,-34.6082356255685,"MONSERRAT",1,"RIVADAVIA, Av.",552,"Piso:4º","MINISTERIO DE CULTURA","SS PATRIMONIO CULTURAL","DG CASCO HISTORICO",1002,"C1002AAQ"
"142",-58.3744236973052,-34.6082356255685,"MONSERRAT",1,"RIVADAVIA, Av.",552,"Piso:4º","MINISTERIO DE CULTURA","SS PATRIMONIO CULTURAL","DG DEL LIBRO, BIBLIOTECAS Y PROM DE LA LECTURA",1002,"C1002AAQ"
"143",-58.3744236973052,-34.6082356255685,"MONSERRAT",1,"RIVADAVIA, Av.",552,"Piso:4º","MINISTERIO DE CULTURA","SS PATRIMONIO CULTURAL","DG INFRAESTRUCTURA Y MANTENIMIENTO EDILICIO",1002,"C1002AAQ"
"144",-58.3744236973052,-34.6082356255685,"MONSERRAT",1,"RIVADAVIA, Av.",552,"Piso:4º","MINISTERIO DE CULTURA","SS PATRIMONIO CULTURAL","DG MUSEOS",1002,"C1002AAQ"
"145",-58.3744236973052,-34.6082356255685,"MONSERRAT",1,"RIVADAVIA, Av.",552,"Piso:4º","MINISTERIO DE HACIENDA","SS DE GESTION Y ADM. FINANCIERA","DG CONTADURIA",1002,"C1002AAQ"
"146",-58.3744236973052,-34.6082356255685,"MONSERRAT",1,"RIVADAVIA, Av.",552,"Piso:4º","MINISTERIO DE MODERNIZACION, INNOVACION Y TECNOLOGIA",NA,NA,1002,"C1002AAQ"
"147",-58.3744236973052,-34.6082356255685,"MONSERRAT",1,"RIVADAVIA, Av.",552,"Piso:4º","MINISTERIO DE MODERNIZACION, INNOVACION Y TECNOLOGIA","DG CONCESIONES",NA,1002,"C1002AAQ"
"148",-58.3744236973052,-34.6082356255685,"MONSERRAT",1,"RIVADAVIA, Av.",552,"Piso:4º","MINISTERIO DE SALUD","SS DE ADMINISTRACIÓN DEL SISTEMA DE SALUD","UNIDAD CENTRALIZADA DE ADQUISICIONES DE SALUD",1002,"C1002AAQ"
"149",-58.3744236973052,-34.6082356255685,"MONSERRAT",1,"RIVADAVIA, Av.",552,"Piso:4º","SECRETARIA DE MEDIOS","SS MEDIOS Y DE PRENSA","DG COORD DE PRENSA",1002,"C1002AAQ"
"150",-58.3744236973052,-34.6082356255685,"MONSERRAT",1,"RIVADAVIA, Av.",552,"Piso:4º","SECRETARIA GENERAL","SS DE CONTENIDOS","UNIDAD DE PROYECTOS ESPECIALES, OPINION PUBLICA Y COMUNIC DIRECTA",1002,"C1002AAQ"
"151",-58.3744236973052,-34.6082356255685,"MONSERRAT",1,"RIVADAVIA, Av.",552,"Piso:4º","SECRETARIA GENERAL","SS RELACIONES INTERNACIONALES E INSTITUCIONALES",NA,1002,"C1002AAQ"
"152",-58.3747636963095,-34.6084256249591,"MONSERRAT",1,"DE MAYO, Av.",589,"Piso:1 a 7","JEFATURA DE GABINETE DE MINISTROS","SS PLANEAMIENTO Y CONTROL DE GESTION",NA,1084,"C1084AAA"
"153",-58.3747636963095,-34.6084256249591,"MONSERRAT",1,"DE MAYO, Av.",589,"Piso:1 a 7","MINISTERIO DE HABITAT Y DESARROLLO HUMANO","SS TERCERA EDAD",NA,1084,"C1084AAA"
"154",-58.3747636963095,-34.6084256249591,"MONSERRAT",1,"DE MAYO, Av.",589,"Piso:1 a 7","SECRETARIA DE GESTION COMUNAL Y ATENCION CIUDADANA",NA,NA,1084,"C1084AAA"
"155",-58.3747636963095,-34.6084256249591,"MONSERRAT",1,"DE MAYO, Av.",589,"Piso:1 a 7","SECRETARIA DE GESTION COMUNAL Y ATENCION CIUDADANA","SS DE ATENCION CIUDADANA",NA,1084,"C1084AAA"
"156",-58.3747636963095,-34.6084256249591,"MONSERRAT",1,"DE MAYO, Av.",589,"Piso:1 a 7","SECRETARIA DE GESTION COMUNAL Y ATENCION CIUDADANA","SS DESCENTRALIZACION Y PARTICIPACION CIUDADANA","DG SERVICIOS DESCONCENTRADOS Y MATENIMIENTO EDILICIO",1084,"C1084AAA"
"157",-58.3747636963095,-34.6084256249591,"MONSERRAT",1,"DE MAYO, Av.",589,"Piso:1 a 7","SECRETARIA DE GESTION COMUNAL Y ATENCION CIUDADANA","SS ESPACIO PUBLICO COMUNAL",NA,1084,"C1084AAA"
"158",-58.3747636963095,-34.6084256249591,"MONSERRAT",1,"DE MAYO, Av.",589,"Piso:1 a 7","SECRETARIA DE GESTION COMUNAL Y ATENCION CIUDADANA","SS ESPACIO PUBLICO COMUNAL","DG OBRAS COMUNALES",1084,"C1084AAA"
"159",-58.373833699071,-34.6082656255991,"MONSERRAT",1,"DE MAYO, Av.",501,"Piso:2º, 3º; RIVADAVIA, Av. SN","JEFATURA DE GABINETE DE MINISTROS",NA,NA,1084,"C1084AAA"
"160",-58.373833699071,-34.6082656255991,"MONSERRAT",1,"DE MAYO, Av.",501,"Piso:2º, 3º; RIVADAVIA, Av. SN","JEFE DE GOBIERNO",NA,NA,1084,"C1084AAA"
"161",-58.373833699071,-34.6082656255991,"MONSERRAT",1,"DE MAYO, Av.",501,"Piso:2º, 3º; RIVADAVIA, Av. SN","MINISTERIO DE HACIENDA",NA,NA,1084,"C1084AAA"
"162",-58.373833699071,-34.6082656255991,"MONSERRAT",1,"DE MAYO, Av.",501,"Piso:2º, 3º; RIVADAVIA, Av. SN","MINISTERIO DE HACIENDA","SS DE GESTION Y ADM. FINANCIERA",NA,1084,"C1084AAA"
"163",-58.373833699071,-34.6082656255991,"MONSERRAT",1,"DE MAYO, Av.",501,"Piso:2º, 3º; RIVADAVIA, Av. SN","MINISTERIO DE HACIENDA","SS GESTION OPERATIVA",NA,1084,"C1084AAA"
"164",-58.373833699071,-34.6082656255991,"MONSERRAT",1,"DE MAYO, Av.",501,"Piso:2º, 3º; RIVADAVIA, Av. SN","SECRETARIA DE COMUNICACION SOCIAL",NA,NA,1084,"C1084AAA"
"165",-58.373833699071,-34.6082656255991,"MONSERRAT",1,"DE MAYO, Av.",501,"Piso:2º, 3º; RIVADAVIA, Av. SN","SECRETARIA DE COMUNICACION SOCIAL","DG PLANEAMIENTO DE MEDIOS",NA,1084,"C1084AAA"
"166",-58.373833699071,-34.6082656255991,"MONSERRAT",1,"DE MAYO, Av.",501,"Piso:2º, 3º; RIVADAVIA, Av. SN","SECRETARIA DE MEDIOS",NA,NA,1084,"C1084AAA"
"167",-58.373833699071,-34.6082656255991,"MONSERRAT",1,"DE MAYO, Av.",501,"Piso:2º, 3º; RIVADAVIA, Av. SN","SECRETARIA DE MEDIOS","SS MEDIOS Y DE PRENSA","DG COORD DE PRENSA",1084,"C1084AAA"
"168",-58.373833699071,-34.6082656255991,"MONSERRAT",1,"DE MAYO, Av.",501,"Piso:2º, 3º; RIVADAVIA, Av. SN","SECRETARIA DE MEDIOS","SS MEDIOS Y DE PRENSA","DG NUEVOS MEDIOS",1084,"C1084AAA"
"169",-58.373833699071,-34.6082656255991,"MONSERRAT",1,"DE MAYO, Av.",501,"Piso:2º, 3º; RIVADAVIA, Av. SN","SECRETARIA DE MEDIOS","SS MEDIOS Y DE PRENSA","LS1 RADIO DE LA CIUDAD",1084,"C1084AAA"
"170",-58.373833699071,-34.6082656255991,"MONSERRAT",1,"DE MAYO, Av.",501,"Piso:2º, 3º; RIVADAVIA, Av. SN","SECRETARIA DE MEDIOS","SS MEDIOS Y DE PRENSA","UPE SISTEMAS DE MEDIOS PUBLICOS",1084,"C1084AAA"
"171",-58.373833699071,-34.6082656255991,"MONSERRAT",1,"DE MAYO, Av.",501,"Piso:2º, 3º; RIVADAVIA, Av. SN","SECRETARIA GENERAL",NA,NA,1084,"C1084AAA"
"172",-58.373833699071,-34.6082656255991,"MONSERRAT",1,"DE MAYO, Av.",501,"Piso:2º, 3º; RIVADAVIA, Av. SN","SECRETARIA GENERAL","SS DE CONTENIDOS",NA,1084,"C1084AAA"
"173",-58.373833699071,-34.6082656255991,"MONSERRAT",1,"DE MAYO, Av.",501,"Piso:2º, 3º; RIVADAVIA, Av. SN","SECRETARIA GENERAL","SS DE CONTENIDOS","DG PLANIFICACION COMUNICACIONAL",1084,"C1084AAA"
"174",-58.373833699071,-34.6082656255991,"MONSERRAT",1,"DE MAYO, Av.",501,"Piso:2º, 3º; RIVADAVIA, Av. SN","SECRETARIA GENERAL","SS DE CONTENIDOS","UNIDAD DE PROYECTOS ESPECIALES, OPINION PUBLICA Y COMUNIC DIRECTA",1084,"C1084AAA"
"175",-58.373833699071,-34.6082656255991,"MONSERRAT",1,"DE MAYO, Av.",501,"Piso:2º, 3º; RIVADAVIA, Av. SN","SECRETARIA GENERAL","SS RELACIONES INTERNACIONALES E INSTITUCIONALES","DG CULTOS",1084,"C1084AAA"
"176",-58.373833699071,-34.6082656255991,"MONSERRAT",1,"DE MAYO, Av.",501,"Piso:2º, 3º; RIVADAVIA, Av. SN","SECRETARIA GENERAL","SS RELACIONES INTERNACIONALES E INSTITUCIONALES","DG DE PROTOCOLO Y CEREMONIAL",1084,"C1084AAA"
"177",-58.373833699071,-34.6082656255991,"MONSERRAT",1,"DE MAYO, Av.",501,"Piso:2º, 3º; RIVADAVIA, Av. SN","SECRETARIA GENERAL","SS RELACIONES INTERNACIONALES E INSTITUCIONALES","DG RELACIONES INTERNACIONALES Y COOPERACION",1084,"C1084AAA"
"178",-58.373833699071,-34.6082656255991,"MONSERRAT",1,"DE MAYO, Av.",501,"Piso:2º, 3º; RIVADAVIA, Av. SN","SECRETARIA LEGAL Y TECNICA","DG COORDINACION LEGAL",NA,1084,"C1084AAA"
"179",-58.373833699071,-34.6082656255991,"MONSERRAT",1,"DE MAYO, Av.",501,"Piso:2º, 3º; RIVADAVIA, Av. SN","SECRETARIA LEGAL Y TECNICA","DG COORDINACION Y CONSOLIDACION NORMATIVA",NA,1084,"C1084AAA"
"180",-58.373833699071,-34.6082656255991,"MONSERRAT",1,"DE MAYO, Av.",501,"Piso:2º, 3º; RIVADAVIA, Av. SN","SECRETARIA LEGAL Y TECNICA","DG MESA DE ENTRADA Y SALIDA DE ARCHIVOS",NA,1084,"C1084AAA"
"181",-58.373833699071,-34.6082656255991,"MONSERRAT",1,"DE MAYO, Av.",501,"Piso:2º, 3º; RIVADAVIA, Av. SN","SECRETARIA LEGAL Y TECNICA","DG TECNICA Y ADMINISTRATIVA",NA,1084,"C1084AAA"
"182",-58.373833699071,-34.6082656255991,"MONSERRAT",1,"DE MAYO, Av.",501,"Piso:2º, 3º; RIVADAVIA, Av. SN","VICEJEFATURA DE GOBIERNO",NA,NA,1084,"C1084AAA"
"183",-58.373833699071,-34.6082656255991,"MONSERRAT",1,"DE MAYO, Av.",501,"Piso:2º, 3º; RIVADAVIA, Av. SN","VICEJEFATURA DE GOBIERNO","SECRETARIA DE DESARROLLO CIUDADANO",NA,1084,"C1084AAA"
"184",-58.3728237036662,-34.6136256097492,"MONSERRAT",1,"VENEZUELA",469,NA,"MINISTERIO DE CULTURA","SS PATRIMONIO CULTURAL","DG PATRIMONIO E INSTITUTO HISTORICO",1095,"C1095AAI"
"185",-58.3731837025196,-34.6134656101822,"MONSERRAT",1,"BOLIVAR",474,NA,"MINISTERIO DE CULTURA","SS PATRIMONIO CULTURAL","DG PATRIMONIO E INSTITUTO HISTORICO",1066,"C1066AAJ"
"186",-58.37031371086,-34.6120156150183,"MONSERRAT",1,"BALCARCE",360,NA,"MINISTERIO DE AMBIENTE Y ESPACIO PUBLICO","SS DE HIGIENE URBANA","DG RECICLADO",1064,"C1064AAH"
"187",-58.37031371086,-34.6120156150183,"MONSERRAT",1,"BALCARCE",360,NA,"MINISTERIO DE CULTURA","ENTE DE TURISMO",NA,1064,"C1064AAH"
"188",-58.37031371086,-34.6120156150183,"MONSERRAT",1,"BALCARCE",360,NA,"MINISTERIO DE HABITAT Y DESARROLLO HUMANO","SS DE FORTALECIMIENTO FAMILIAR Y COMUNITARIO","DG ATENCION INMEDIATA",1064,"C1064AAH"
"189",-58.3697837118662,-34.6101856206555,"MONSERRAT",1,"PASEO COLON, Av.",207,NA,"MINISTERIO DE CULTURA","DG TECNICA, ADMINISTRATIVA Y LEGAL",NA,1063,"C1063ACC"
"190",-58.3697837118662,-34.6101856206555,"MONSERRAT",1,"PASEO COLON, Av.",207,NA,"MINISTERIO DE CULTURA","ENTE DE TURISMO",NA,1063,"C1063ACC"
"191",-58.3697437122027,-34.6108856185554,"MONSERRAT",1,"PASEO COLON, Av.",275,"Piso:1°","MINISTERIO DE EDUCACION","SS POLITICAS EDUCATIVAS Y CARRERA DOCENTE","DG DE PERSONAL DOCENTE Y NO DOCENTE",1063,"C1063ACC"
"192",-58.369723712335,-34.6108956185053,"MONSERRAT",1,"PASEO COLON, Av.",275,"Piso:14","MINISTERIO DE EDUCACION","DG DE PLANEAMIENTO EDUCATIVO",NA,1063,"C1063ACC"
"193",-58.369723712335,-34.6108956185053,"MONSERRAT",1,"PASEO COLON, Av.",275,"Piso:15","MINISTERIO DE EDUCACION","DG DE PLANEAMIENTO EDUCATIVO",NA,1063,"C1063ACC"
"194",-58.3697337122562,-34.6106656192178,"MONSERRAT",1,"PASEO COLON, Av.",245,"Piso:1,2,3,4,5,","AUDITORIA GRAL DE LA CIUDAD DE BUENOS AIRES",NA,NA,1063,"C1063ACC"
"195",-58.3697337122562,-34.6106656192178,"MONSERRAT",1,"PASEO COLON, Av.",245,"Piso:1,2,3,4,5,","JEFATURA DE GABINETE DE MINISTROS",NA,NA,1063,"C1063ACC"
"196",-58.3697337122562,-34.6106656192178,"MONSERRAT",1,"PASEO COLON, Av.",245,"Piso:1,2,3,4,5,","MINISTERIO DE EDUCACION",NA,NA,1063,"C1063ACC"
"197",-58.3697337122562,-34.6106656192178,"MONSERRAT",1,"PASEO COLON, Av.",245,"Piso:1,2,3,4,5,","MINISTERIO DE EDUCACION","DG COMUNICACIONES Y RELACIONES INSTITUCIONALES",NA,1063,"C1063ACC"
"198",-58.3697337122562,-34.6106656192178,"MONSERRAT",1,"PASEO COLON, Av.",245,"Piso:1,2,3,4,5,","MINISTERIO DE EDUCACION","DG COORD LEGAL E INSTITUCIONAL",NA,1063,"C1063ACC"
"199",-58.3697337122562,-34.6106656192178,"MONSERRAT",1,"PASEO COLON, Av.",245,"Piso:1,2,3,4,5,","MINISTERIO DE EDUCACION","DG DE PLANEAMIENTO EDUCATIVO",NA,1063,"C1063ACC"
"200",-58.3697337122562,-34.6106656192178,"MONSERRAT",1,"PASEO COLON, Av.",245,"Piso:1,2,3,4,5,","MINISTERIO DE EDUCACION","DG TECNOLOGIA EDUCATIVA",NA,1063,"C1063ACC"
"201",-58.3697337122562,-34.6106656192178,"MONSERRAT",1,"PASEO COLON, Av.",245,"Piso:1,2,3,4,5,","MINISTERIO DE EDUCACION","SS DE EQUIDAD EDUCATIVA",NA,1063,"C1063ACC"
"202",-58.3697337122562,-34.6106656192178,"MONSERRAT",1,"PASEO COLON, Av.",245,"Piso:1,2,3,4,5,","MINISTERIO DE EDUCACION","SS DE EQUIDAD EDUCATIVA","DG FORTALECIMIENTO DE LA COMUNIDAD EDUCATIVA",1063,"C1063ACC"
"203",-58.3697337122562,-34.6106656192178,"MONSERRAT",1,"PASEO COLON, Av.",245,"Piso:1,2,3,4,5,","MINISTERIO DE EDUCACION","SS DE GESTION ECONOMICO FINANCIERA Y AD. DE RECURSOS","DG ADMINISTRACION DE MANTENIMIENTO",1063,"C1063ACC"
"204",-58.3697337122562,-34.6106656192178,"MONSERRAT",1,"PASEO COLON, Av.",245,"Piso:1,2,3,4,5,","MINISTERIO DE EDUCACION","SS DE GESTION ECONOMICO FINANCIERA Y AD. DE RECURSOS","DG ADMINISTRACION DE RECURSOS",1063,"C1063ACC"
"205",-58.3697337122562,-34.6106656192178,"MONSERRAT",1,"PASEO COLON, Av.",245,"Piso:1,2,3,4,5,","MINISTERIO DE EDUCACION","SS DE GESTION ECONOMICO FINANCIERA Y AD. DE RECURSOS","DG PLANEAMIENTO Y CONTROL DE GESTION",1063,"C1063ACC"
"206",-58.3697337122562,-34.6106656192178,"MONSERRAT",1,"PASEO COLON, Av.",245,"Piso:1,2,3,4,5,","MINISTERIO DE EDUCACION","SS DE GESTION ECONOMICO FINANCIERA Y AD. DE RECURSOS","DG SERVICIOS A LAS ESCUELAS",1063,"C1063ACC"
"207",-58.3697337122562,-34.6106656192178,"MONSERRAT",1,"PASEO COLON, Av.",245,"Piso:1,2,3,4,5,","MINISTERIO DE EDUCACION","SS GESTION EDUCATIVA Y COORD PEDAGOGICA",NA,1063,"C1063ACC"
"208",-58.3697337122562,-34.6106656192178,"MONSERRAT",1,"PASEO COLON, Av.",245,"Piso:1,2,3,4,5,","MINISTERIO DE EDUCACION","SS POLITICAS EDUCATIVAS Y CARRERA DOCENTE","DG CARRERA DOCENTE",1063,"C1063ACC"
"209",-58.3697337122562,-34.6106656192178,"MONSERRAT",1,"PASEO COLON, Av.",245,"Piso:1,2,3,4,5,","MINISTERIO DE EDUCACION","SS POLITICAS EDUCATIVAS Y CARRERA DOCENTE","DG DE PERSONAL DOCENTE Y NO DOCENTE",1063,"C1063ACC"
"210",-58.3697337122562,-34.6106656192178,"MONSERRAT",1,"PASEO COLON, Av.",245,"Piso:1,2,3,4,5,","MINISTERIO DE HACIENDA","SS DE GESTION Y ADM. FINANCIERA","DG CONTADURIA",1063,"C1063ACC"
"211",-58.3740236987781,-34.6092656225569,"MONSERRAT",1,"ROCA, JULIO A., Pres., Av.",523,NA,"LEGISLATURA DE LA CABA",NA,NA,1067,"C1067ABA"
"212",-58.3745336973192,-34.6095156217085,"MONSERRAT",1,"YRIGOYEN, HIPOLITO",546,NA,"LEGISLATURA DE LA CABA",NA,NA,1086,"C1086AAH"
"213",-58.3736337001953,-34.6101456199616,"MONSERRAT",1,"BOLIVAR",191,"Piso:5º; ALSINA, ADOLFO 513","MINISTERIO DE CULTURA","SS PATRIMONIO CULTURAL",NA,1066,"C1066AAC"
"214",-58.3736337001953,-34.6101456199616,"MONSERRAT",1,"BOLIVAR",191,"Piso:5º; ALSINA, ADOLFO 513","MINISTERIO DE EDUCACION",NA,NA,1066,"C1066AAC"
"215",-58.3736337001953,-34.6101456199616,"MONSERRAT",1,"BOLIVAR",191,"Piso:5º; ALSINA, ADOLFO 513","MINISTERIO DE EDUCACION","DG COORD LEGAL E INSTITUCIONAL",NA,1066,"C1066AAC"
"216",-58.3736337001953,-34.6101456199616,"MONSERRAT",1,"BOLIVAR",191,"Piso:5º; ALSINA, ADOLFO 513","MINISTERIO DE EDUCACION","DG TECNOLOGIA EDUCATIVA",NA,1066,"C1066AAC"
"217",-58.3736337001953,-34.6101456199616,"MONSERRAT",1,"BOLIVAR",191,"Piso:5º; ALSINA, ADOLFO 513","MINISTERIO DE EDUCACION","SS DE EQUIDAD EDUCATIVA","DG ESTRATEGIAS PARA LA EDUCABILIDAD",1066,"C1066AAC"
"218",-58.3736337001953,-34.6101456199616,"MONSERRAT",1,"BOLIVAR",191,"Piso:5º; ALSINA, ADOLFO 513","MINISTERIO DE EDUCACION","SS GESTION EDUCATIVA Y COORD PEDAGOGICA","DG EDUCACION SUPERIOR",1066,"C1066AAC"
"219",-58.3736337001953,-34.6101456199616,"MONSERRAT",1,"BOLIVAR",191,"Piso:5º; ALSINA, ADOLFO 513","MINISTERIO DE HABITAT Y DESARROLLO HUMANO","SS DE PROMOCION SOCIAL",NA,1066,"C1066AAC"
"220",-58.3736337001953,-34.6101456199616,"MONSERRAT",1,"BOLIVAR",191,"Piso:5º; ALSINA, ADOLFO 513","MINISTERIO DE JUSTICIA Y SEGURIDAD","SS DE PREVENCION DEL DELITO Y RELACION CON LA COMUNIDAD","DG POLITICAS DE PREVENCION DEL DELITO",1066,"C1066AAC"
"221",-58.3898936524466,-34.6155256007368,"MONSERRAT",1,"MEXICO",1651,NA,"MINISTERIO DE HABITAT Y DESARROLLO HUMANO",NA,NA,1100,"C1100ACA"
"222",-58.3898936524466,-34.6155256007368,"MONSERRAT",1,"MEXICO",1651,NA,"MINISTERIO DE HABITAT Y DESARROLLO HUMANO","SS ADMINISTRACION",NA,1100,"C1100ACA"
"223",-58.3898936524466,-34.6155256007368,"MONSERRAT",1,"MEXICO",1651,NA,"MINISTERIO DE HABITAT Y DESARROLLO HUMANO","SS ADMINISTRACION","DG TECNICA ADM Y LEGAL",1100,"C1100ACA"
"224",-58.3898936524466,-34.6155256007368,"MONSERRAT",1,"MEXICO",1651,NA,"MINISTERIO DE HABITAT Y DESARROLLO HUMANO","SS DE PROMOCION SOCIAL","DG FORTALECIMIENTO DE LA SOC. CIVIL",1100,"C1100ACA"
"225",-58.3898936524466,-34.6155256007368,"MONSERRAT",1,"MEXICO",1651,NA,"MINISTERIO DE HABITAT Y DESARROLLO HUMANO","SS DE PROMOCION SOCIAL","DG NIÑEZ Y ADOLESCENCIA",1100,"C1100ACA"
"226",-58.3898936524466,-34.6155256007368,"MONSERRAT",1,"MEXICO",1651,NA,"MINISTERIO DE HABITAT Y DESARROLLO HUMANO","SS DE PROMOCION SOCIAL","DG SERVICIOS SOCIALES ZONALES",1100,"C1100ACA"
"227",-58.3865736618999,-34.6131156086504,"MONSERRAT",1,"BELGRANO, Av.",1429,NA,"MINISTERIO DE AMBIENTE Y ESPACIO PUBLICO","AGENCIA DE PROTECCION AMBIENTAL",NA,1093,"C1093AAC"
"228",-58.3865736618999,-34.6131156086504,"MONSERRAT",1,"BELGRANO, Av.",1429,NA,"MINISTERIO DE AMBIENTE Y ESPACIO PUBLICO","AGENCIA DE PROTECCION AMBIENTAL","DG EVALUACION TECNICA",1093,"C1093AAC"
"229",-58.3865736618999,-34.6131156086504,"MONSERRAT",1,"BELGRANO, Av.",1429,NA,"MINISTERIO DE AMBIENTE Y ESPACIO PUBLICO","DG TECNICA, ADMINISTRATIVA Y LEGAL",NA,1093,"C1093AAC"
"230",-58.3858636637771,-34.6121856115387,"MONSERRAT",1,"MORENO",1379,NA,"MINISTERIO DE AMBIENTE Y ESPACIO PUBLICO","AGENCIA DE PROTECCION AMBIENTAL",NA,1091,"C1091ABA"
"231",-58.3858636637771,-34.6121856115387,"MONSERRAT",1,"MORENO",1379,NA,"MINISTERIO DE AMBIENTE Y ESPACIO PUBLICO","AGENCIA DE PROTECCION AMBIENTAL","DG EVALUACION TECNICA",1091,"C1091ABA"
"232",-58.3858636637771,-34.6121856115387,"MONSERRAT",1,"MORENO",1379,NA,"MINISTERIO DE AMBIENTE Y ESPACIO PUBLICO","DG TECNICA, ADMINISTRATIVA Y LEGAL",NA,1091,"C1091ABA"
"233",-58.3830936714974,-34.6098056191854,"MONSERRAT",1,"YRIGOYEN, HIPOLITO",1176,"Piso:9","MINISTERIO DE CULTURA","SS GESTION CULTURAL","DG PROMOCION CULTURAL",1086,"C1086AAT"
"234",-58.3804036800843,-34.6114356147858,"MONSERRAT",1,"IRIGOYEN, BERNARDO de",266,"Piso:3,4,5,6","MINISTERIO DE MODERNIZACION, INNOVACION Y TECNOLOGIA",NA,NA,1072,"C1072AAF"
"235",-58.3804036800843,-34.6114356147858,"MONSERRAT",1,"IRIGOYEN, BERNARDO de",266,"Piso:3,4,5,6","MINISTERIO DE MODERNIZACION, INNOVACION Y TECNOLOGIA","AGENCIA DE SISTEMAS DE INFORMACION",NA,1072,"C1072AAF"
"236",-58.3804036800843,-34.6114356147858,"MONSERRAT",1,"IRIGOYEN, BERNARDO de",266,"Piso:3,4,5,6","MINISTERIO DE MODERNIZACION, INNOVACION Y TECNOLOGIA","AGENCIA DE SISTEMAS DE INFORMACION","DG DE GOBIERNO ELECTRONICO",1072,"C1072AAF"
"237",-58.3804036800843,-34.6114356147858,"MONSERRAT",1,"IRIGOYEN, BERNARDO de",266,"Piso:3,4,5,6","MINISTERIO DE MODERNIZACION, INNOVACION Y TECNOLOGIA","AGENCIA DE SISTEMAS DE INFORMACION","DG INTEGRACION DE SISTEMAS",1072,"C1072AAF"
"238",-58.3796036819451,-34.6095956205306,"MONSERRAT",1,"YRIGOYEN, HIPOLITO",930,NA,"CONSEJO DE LA MAGISTRATURA DE LA CABA",NA,NA,1086,"C1086AAP"
"239",-58.3800236809839,-34.6106256173515,"MONSERRAT",1,"ALSINA, ADOLFO",963,NA,"MINISTERIO DE CULTURA","SS GESTION CULTURAL","DG MUSICA",1088,"C1088AAA"
"240",-58.3800236809839,-34.6106256173515,"MONSERRAT",1,"ALSINA, ADOLFO",963,NA,"MINISTERIO DE CULTURA","SS PATRIMONIO CULTURAL","DG MUSEOS",1088,"C1088AAA"
"241",-58.3781136850193,-34.6042656367384,"SAN NICOLAS",1,"ESMERALDA",340,NA,"SECRETARIA DE GESTION COMUNAL Y ATENCION CIUDADANA","SS DE ATENCION CIUDADANA","DG DEFENSA Y PROTECCION DEL CONSUMIDOR",1035,"C1035ABH"
"242",-58.3794236806231,-34.6030356401588,"SAN NICOLAS",1,"SUIPACHA",443,NA,"MINISTERIO DE CULTURA","SS GESTION CULTURAL","DG MUSICA",1008,"C1008AAI"
"243",-58.3772536883458,-34.6070756284602,"SAN NICOLAS",1,"MITRE, BARTOLOME",754,NA,"ENTE REGULADOR DE LOS SERVICIOS PUBLICOS",NA,NA,1036,"C1036AAN"
"244",-58.3777536869694,-34.6075356269843,"SAN NICOLAS",1,"ESMERALDA",55,NA,"MINISTERIO DE EDUCACION",NA,NA,1035,"C1035ABA"
"245",-58.3777536869694,-34.6075356269843,"SAN NICOLAS",1,"ESMERALDA",55,NA,"MINISTERIO DE EDUCACION","SS DE EQUIDAD EDUCATIVA",NA,1035,"C1035ABA"
"246",-58.3777536869694,-34.6075356269843,"SAN NICOLAS",1,"ESMERALDA",55,NA,"MINISTERIO DE EDUCACION","SS DE EQUIDAD EDUCATIVA","DG FORTALECIMIENTO DE LA COMUNIDAD EDUCATIVA",1035,"C1035ABA"
"247",-58.3777536869694,-34.6075356269843,"SAN NICOLAS",1,"ESMERALDA",55,NA,"MINISTERIO DE EDUCACION","SS DE GESTION ECONOMICO FINANCIERA Y AD. DE RECURSOS",NA,1035,"C1035ABA"
"248",-58.3777536869694,-34.6075356269843,"SAN NICOLAS",1,"ESMERALDA",55,NA,"MINISTERIO DE EDUCACION","SS DE GESTION ECONOMICO FINANCIERA Y AD. DE RECURSOS","DG ADMINISTRACION DE RECURSOS",1035,"C1035ABA"
"249",-58.3777536869694,-34.6075356269843,"SAN NICOLAS",1,"ESMERALDA",55,NA,"MINISTERIO DE EDUCACION","SS GESTION EDUCATIVA Y COORD PEDAGOGICA","DG DE EDUCACION DE GESTION ESTATAL",1035,"C1035ABA"
"250",-58.3777536869694,-34.6075356269843,"SAN NICOLAS",1,"ESMERALDA",55,NA,"MINISTERIO DE EDUCACION","SS GESTION EDUCATIVA Y COORD PEDAGOGICA","DG EDUCACION SUPERIOR",1035,"C1035ABA"
"251",-58.3779536854554,-34.6041056372094,"SAN NICOLAS",1,"ESMERALDA",351,"Piso:SS/ PB /1°","MINISTERIO DE AMBIENTE Y ESPACIO PUBLICO","SS DE USO DEL ESPACIO PUBLICO","DG FERIAS Y MERCADOS",1035,"C1035ABG"
"252",-58.3767036891848,-34.603905638031,"SAN NICOLAS",1,"MAIPU",356,"Piso:4SS/2°/3° Depto:2°,3°","MINISTERIO DE MODERNIZACION, INNOVACION Y TECNOLOGIA","SS DE GESTION DE PROYECTOS DE MODERNIZACION",NA,1006,"C1006ACB"
"253",-58.3767036891848,-34.603905638031,"SAN NICOLAS",1,"MAIPU",356,"Piso:4SS/2°/3° Depto:2°,3°","MINISTERIO DE MODERNIZACION, INNOVACION Y TECNOLOGIA","SS DE GESTION DE PROYECTOS DE MODERNIZACION","DG ADMINISTRACION DE BASES DE DATOS Y PROYECTOS",1006,"C1006ACB"
"254",-58.3767036891848,-34.603905638031,"SAN NICOLAS",1,"MAIPU",356,"Piso:4SS/2°/3° Depto:2°,3°","MINISTERIO DE MODERNIZACION, INNOVACION Y TECNOLOGIA","SS DE GESTION DE PROYECTOS DE MODERNIZACION","DG CAPITAL HUMANO",1006,"C1006ACB"
"255",-58.3767036891848,-34.603905638031,"SAN NICOLAS",1,"MAIPU",356,"Piso:4SS/2°/3° Depto:2°,3°","MINISTERIO DE MODERNIZACION, INNOVACION Y TECNOLOGIA","SS DE GESTION DE PROYECTOS DE MODERNIZACION","DG MODERNIZACION ADMINISTRATIVA",1006,"C1006ACB"
"256",-58.3767036891848,-34.603905638031,"SAN NICOLAS",1,"MAIPU",356,"Piso:4SS/2°/3° Depto:2°,3°","MINISTERIO DE MODERNIZACION, INNOVACION Y TECNOLOGIA","SS DE GESTION DE PROYECTOS DE MODERNIZACION","DG PLANEAMIENTO DE CARRERAS",1006,"C1006ACB"
"257",-58.3767036891848,-34.603905638031,"SAN NICOLAS",1,"MAIPU",356,"Piso:4SS/2°/3° Depto:2°,3°","MINISTERIO DE MODERNIZACION, INNOVACION Y TECNOLOGIA","SS DE GESTION DE PROYECTOS DE MODERNIZACION","DG PROYECTOS DE CIUDAD INTELIGENTE",1006,"C1006ACB"
"258",-58.3764736902147,-34.6051656343612,"SAN NICOLAS",1,"MAIPU",255,"Piso:PB, 2°, 12","JEFATURA DE GABINETE DE MINISTROS","SS ASUNTOS PUBLICOS",NA,1084,"C1084ABE"
"259",-58.3764736902147,-34.6051656343612,"SAN NICOLAS",1,"MAIPU",255,"Piso:PB, 2°, 12","JEFATURA DE GABINETE DE MINISTROS","SS ASUNTOS PUBLICOS","DG COORD. DE GESTION POLITICA Y RELACIONES INSTITUCIONALES",1084,"C1084ABE"
"260",-58.3764736902147,-34.6051656343612,"SAN NICOLAS",1,"MAIPU",255,"Piso:PB, 2°, 12","JEFATURA DE GABINETE DE MINISTROS","SS TRANSPORTE",NA,1084,"C1084ABE"
"261",-58.3764736902147,-34.6051656343612,"SAN NICOLAS",1,"MAIPU",255,"Piso:PB, 2°, 12","JEFATURA DE GABINETE DE MINISTROS","SS TRANSPORTE","DG MOVILIDAD SALUDABLE",1084,"C1084ABE"
"262",-58.3764736902147,-34.6051656343612,"SAN NICOLAS",1,"MAIPU",255,"Piso:PB, 2°, 12","JEFATURA DE GABINETE DE MINISTROS","SS TRANSPORTE","DG TRANSPORTE",1084,"C1084ABE"
"263",-58.3764736902147,-34.6051656343612,"SAN NICOLAS",1,"MAIPU",255,"Piso:PB, 2°, 12","JEFATURA DE GABINETE DE MINISTROS","SS TRANSPORTE","UPE CONSTRUCCION TRANSPORTE MASIVO BUSES RAPIDOS",1084,"C1084ABE"
"264",-58.3760636906408,-34.6023356429139,"SAN NICOLAS",1,"LAVALLE",658,"Piso:10º","MINISTERIO DE JUSTICIA Y SEGURIDAD","SS DE PREVENCION DEL DELITO Y RELACION CON LA COMUNIDAD","DG POLITICAS DE PREVENCION DEL DELITO",1047,"C1047AAN"
"265",-58.3746036963499,-34.6067756298907,"SAN NICOLAS",1,"MITRE, BARTOLOME",565,"Piso:PB, 1°, 2°","MINISTERIO DE MODERNIZACION, INNOVACION Y TECNOLOGIA","SS DE INVERSIONES","DG TECNICA, ADMINISTRATIVA Y LEGAL",1036,"C1036AAI"
"266",-58.3746036963499,-34.6067756298907,"SAN NICOLAS",1,"MITRE, BARTOLOME",565,"Piso:PB, 1°, 2°","MINISTERIO DE MODERNIZACION, INNOVACION Y TECNOLOGIA","SS DE TRABAJO",NA,1036,"C1036AAI"
"267",-58.3746036963499,-34.6067756298907,"SAN NICOLAS",1,"MITRE, BARTOLOME",565,"Piso:PB, 1°, 2°","MINISTERIO DE MODERNIZACION, INNOVACION Y TECNOLOGIA","SS DE TRABAJO","DG EMPLEO",1036,"C1036AAI"
"268",-58.3746036963499,-34.6067756298907,"SAN NICOLAS",1,"MITRE, BARTOLOME",565,"Piso:PB, 1°, 2°","MINISTERIO DE MODERNIZACION, INNOVACION Y TECNOLOGIA","SS DE TRABAJO","DG PROTECCION DEL TRABAJO",1036,"C1036AAI"
"269",-58.3746036963499,-34.6067756298907,"SAN NICOLAS",1,"MITRE, BARTOLOME",565,"Piso:PB, 1°, 2°","MINISTERIO DE MODERNIZACION, INNOVACION Y TECNOLOGIA","SS DE TRABAJO","DG RELACIONES LABORALES",1036,"C1036AAI"
"270",-58.3782836849339,-34.6057756321969,"SAN NICOLAS",1,"SAENZ PE",812,"Piso:3°, 4°, 6°; ESMERALDA SN; PERON, JUAN DOMINGO, Tte. Gral. 815/817/819/835/837/839","CONSEJO DE LOS DERECHOS DE LOS NIÑOS, NIÑAS Y ADOLESCENTES",NA,NA,NA,NA
"271",-58.3782836849339,-34.6057756321969,"SAN NICOLAS",1,"SAENZ PE",812,"Piso:3°, 4°, 6°; ESMERALDA SN; PERON, JUAN DOMINGO, Tte. Gral. 815/817/819/835/837/839","MINISTERIO DE CULTURA","FESTIVALES Y EVENTOS CENTRALES",NA,NA,NA
"272",-58.3782836849339,-34.6057756321969,"SAN NICOLAS",1,"SAENZ PE",812,"Piso:3°, 4°, 6°; ESMERALDA SN; PERON, JUAN DOMINGO, Tte. Gral. 815/817/819/835/837/839","MINISTERIO DE MODERNIZACION, INNOVACION Y TECNOLOGIA","SECRETARIA DE HABITAT E INCLUSION",NA,NA,NA
"273",-58.3782836849339,-34.6057756321969,"SAN NICOLAS",1,"SAENZ PE",812,"Piso:3°, 4°, 6°; ESMERALDA SN; PERON, JUAN DOMINGO, Tte. Gral. 815/817/819/835/837/839","MINISTERIO DE MODERNIZACION, INNOVACION Y TECNOLOGIA","SS DE DESARROLLO ECONOMICO",NA,NA,NA
"274",-58.3782836849339,-34.6057756321969,"SAN NICOLAS",1,"SAENZ PE",812,"Piso:3°, 4°, 6°; ESMERALDA SN; PERON, JUAN DOMINGO, Tte. Gral. 815/817/819/835/837/839","MINISTERIO DE MODERNIZACION, INNOVACION Y TECNOLOGIA","SS DE DESARROLLO ECONOMICO","DG FOMENTO, PRODUC. E INNOVACION TECNOLOGICA",NA,NA
"275",-58.3782836849339,-34.6057756321969,"SAN NICOLAS",1,"SAENZ PE",812,"Piso:3°, 4°, 6°; ESMERALDA SN; PERON, JUAN DOMINGO, Tte. Gral. 815/817/819/835/837/839","MINISTERIO DE MODERNIZACION, INNOVACION Y TECNOLOGIA","SS DE DESARROLLO ECONOMICO","DG GESTION DE ACTIVIDADES CIENTIFICAS Y TECNOLOGICAS",NA,NA
"276",-58.3782836849339,-34.6057756321969,"SAN NICOLAS",1,"SAENZ PE",812,"Piso:3°, 4°, 6°; ESMERALDA SN; PERON, JUAN DOMINGO, Tte. Gral. 815/817/819/835/837/839","MINISTERIO DE MODERNIZACION, INNOVACION Y TECNOLOGIA","SS DE INVERSIONES",NA,NA,NA
"277",-58.3782836849339,-34.6057756321969,"SAN NICOLAS",1,"SAENZ PE",812,"Piso:3°, 4°, 6°; ESMERALDA SN; PERON, JUAN DOMINGO, Tte. Gral. 815/817/819/835/837/839","MINISTERIO DE MODERNIZACION, INNOVACION Y TECNOLOGIA","SS DESARROLLO INCLUSIVO","COPIDIS",NA,NA
"278",-58.3785136839151,-34.6048456348742,"SAN NICOLAS",1,"SARMIENTO",840,"Piso:SS/PB/1° P","MINISTERIO DE MODERNIZACION, INNOVACION Y TECNOLOGIA","SS DESARROLLO INCLUSIVO","INSTITUTO DE VIVIENDA DE LA CIUDAD (IVC)",1041,"C1041AAR"
"279",-58.3782736835374,-34.6006956473372,"SAN NICOLAS",1,"ESMERALDA",638,"Piso:PB, 1º, 2º","MINISTERIO DE HACIENDA","AGIP","DG RENTAS",1007,"C1007ABF"
"280",-58.3793836801023,-34.6004956477632,"SAN NICOLAS",1,"VIAMONTE",860,"Piso:1º, 2º, 3º; SUIPACHA 639/665 Piso:1º, 2º, 3º","MINISTERIO DE HACIENDA","AGIP",NA,1053,"C1053ABR"
"281",-58.3793836801023,-34.6004956477632,"SAN NICOLAS",1,"VIAMONTE",860,"Piso:1º, 2º, 3º; SUIPACHA 639/665 Piso:1º, 2º, 3º","MINISTERIO DE HACIENDA","AGIP","DG RENTAS",1053,"C1053ABR"
"282",-58.3777136867473,-34.6060956313603,"SAN NICOLAS",1,"SAENZ PE",772,"Piso:6º/7º/8º","MINISTERIO DE EDUCACION","DG EVALUACION DE LA CALIDAD EDUCATIVA",NA,NA,NA
"283",-58.3777136867473,-34.6060956313603,"SAN NICOLAS",1,"SAENZ PE",772,"Piso:6º/7º/8º","MINISTERIO DE HACIENDA","SS DE GESTION Y ADM. FINANCIERA","DG DE RELACIONES FISCALES",NA,NA
"284",-58.3777136867473,-34.6060956313603,"SAN NICOLAS",1,"SAENZ PE",772,"Piso:6º/7º/8º","MINISTERIO DE HACIENDA","SS DE GESTION Y ADM. FINANCIERA","DG TESORERIA",NA,NA
"285",-58.3777136867473,-34.6060956313603,"SAN NICOLAS",1,"SAENZ PE",772,"Piso:6º/7º/8º","MINISTERIO DE MODERNIZACION, INNOVACION Y TECNOLOGIA",NA,NA,NA,NA
"286",-58.3766436901391,-34.6068356292805,"SAN NICOLAS",1,"MAIPU",116,NA,"MINISTERIO DE HACIENDA","SS DE GESTION Y ADM. FINANCIERA","DG UNIDAD INFORMATICA DE AD. FINANCIERA",1084,"C1084ABD"
"287",-58.3766436901391,-34.6068356292805,"SAN NICOLAS",1,"MAIPU",116,NA,"MINISTERIO DE MODERNIZACION, INNOVACION Y TECNOLOGIA",NA,NA,1084,"C1084ABD"
"288",-58.3766436901391,-34.6068356292805,"SAN NICOLAS",1,"MAIPU",116,NA,"MINISTERIO DE MODERNIZACION, INNOVACION Y TECNOLOGIA","DG RELACIONES INSTITUCIONALES",NA,1084,"C1084ABD"
"289",-58.3766436901391,-34.6068356292805,"SAN NICOLAS",1,"MAIPU",116,NA,"MINISTERIO DE MODERNIZACION, INNOVACION Y TECNOLOGIA","DG RELACIONES LABORALES",NA,1084,"C1084ABD"
"290",-58.3766436901391,-34.6068356292805,"SAN NICOLAS",1,"MAIPU",116,NA,"MINISTERIO DE MODERNIZACION, INNOVACION Y TECNOLOGIA","SS DE GESTION DE RRHH","DG ADMINISTRACION Y LIQUIDACION DE HABERES",1084,"C1084ABD"
"291",-58.3766436901391,-34.6068356292805,"SAN NICOLAS",1,"MAIPU",116,NA,"MINISTERIO DE MODERNIZACION, INNOVACION Y TECNOLOGIA","SS DE GESTION DE RRHH","DG ASUNTOS LABORALES Y PREVISIONALES",1084,"C1084ABD"
"292",-58.3766436901391,-34.6068356292805,"SAN NICOLAS",1,"MAIPU",116,NA,"MINISTERIO DE MODERNIZACION, INNOVACION Y TECNOLOGIA","SS DE GESTION DE RRHH","DG AUDITORIA Y CONTROL OPERATIVO",1084,"C1084ABD"
"293",-58.375813692783,-34.6069856290341,"SAN NICOLAS",1,"MITRE, BARTOLOME",648,"Piso:PB, 5, 6 y","JEFATURA DE GABINETE DE MINISTROS","UPE CONSTRUCCION CIUDADANA Y CAMBIO CULTURAL",NA,1036,"C1036AAL"
"294",-58.375813692783,-34.6069856290341,"SAN NICOLAS",1,"MITRE, BARTOLOME",648,"Piso:PB, 5, 6 y","MINISTERIO DE AMBIENTE Y ESPACIO PUBLICO",NA,"DG FERIAS Y MERCADOS",1036,"C1036AAL"
"295",-58.3751736948961,-34.6079356263183,"SAN NICOLAS",1,"RIVADAVIA, Av.",611,"Piso:10°; FLORIDA 12/16/2/22/26/8","JEFATURA DE GABINETE DE MINISTROS",NA,NA,1002,"C1002AAE"
"296",-58.3751736948961,-34.6079356263183,"SAN NICOLAS",1,"RIVADAVIA, Av.",611,"Piso:10°; FLORIDA 12/16/2/22/26/8","JEFATURA DE GABINETE DE MINISTROS","SS DERECHOS HUMANOS Y PLURALISMO CULTURAL",NA,1002,"C1002AAE"
"297",-58.3764336905846,-34.6060356317625,"SAN NICOLAS",1,"MAIPU",169,"Piso:1°, 2°, 3°; PERON, JUAN DOMINGO, Tte. Gral. 700","MINISTERIO DE HACIENDA","SS DE GESTION Y ADM. FINANCIERA","DG DE CREDITO PUBLICO",1084,"C1084ABC"
"298",-58.3764336905846,-34.6060356317625,"SAN NICOLAS",1,"MAIPU",169,"Piso:1°, 2°, 3°; PERON, JUAN DOMINGO, Tte. Gral. 700","MINISTERIO DE HACIENDA","SS DE GESTION Y ADM. FINANCIERA","DG SEGUROS",1084,"C1084ABC"
"299",-58.3764336905846,-34.6060356317625,"SAN NICOLAS",1,"MAIPU",169,"Piso:1°, 2°, 3°; PERON, JUAN DOMINGO, Tte. Gral. 700","SECRETARIA DE GESTION COMUNAL Y ATENCION CIUDADANA","SS DE ATENCION CIUDADANA","DG DEFENSA Y PROTECCION DEL CONSUMIDOR",1084,"C1084ABC"
"300",-58.3757266929208,-34.6066586300321,"SAN NICOLAS",1,"SAENZ PE",633,NA,"MINISTERIO DE MODERNIZACION, INNOVACION Y TECNOLOGIA","SS DE CIUDAD INTELIGENTE",NA,NA,NA
"301",-58.3757266929208,-34.6066586300321,"SAN NICOLAS",1,"SAENZ PE",633,NA,"MINISTERIO DE MODERNIZACION, INNOVACION Y TECNOLOGIA","SS DE CIUDAD INTELIGENTE","DG MODERNIZACION DE SERVICIOS AL CIUDADANO",NA,NA
"302",-58.3757266929208,-34.6066586300321,"SAN NICOLAS",1,"SAENZ PE",633,NA,"MINISTERIO DE MODERNIZACION, INNOVACION Y TECNOLOGIA","SS DE CIUDAD INTELIGENTE","UPE INNOVACION SOCIAL",NA,NA
"303",-58.3747136962407,-34.6075956274389,"SAN NICOLAS",1,"SAENZ PE",570,"Piso:1; 3; 4; 5","MINISTERIO DE AMBIENTE Y ESPACIO PUBLICO",NA,NA,NA,NA
"304",-58.3747136962407,-34.6075956274389,"SAN NICOLAS",1,"SAENZ PE",570,"Piso:1; 3; 4; 5","MINISTERIO DE AMBIENTE Y ESPACIO PUBLICO","DG COMUNICACIÓN",NA,NA,NA
"305",-58.3747136962407,-34.6075956274389,"SAN NICOLAS",1,"SAENZ PE",570,"Piso:1; 3; 4; 5","MINISTERIO DE AMBIENTE Y ESPACIO PUBLICO","SS DE ADMINISTRACION",NA,NA,NA
"306",-58.3747136962407,-34.6075956274389,"SAN NICOLAS",1,"SAENZ PE",570,"Piso:1; 3; 4; 5","MINISTERIO DE AMBIENTE Y ESPACIO PUBLICO","SS DE ADMINISTRACION","DG TEC, ADMINISTRATIVA Y LEGAL",NA,NA
"307",-58.3747136962407,-34.6075956274389,"SAN NICOLAS",1,"SAENZ PE",570,"Piso:1; 3; 4; 5","MINISTERIO DE AMBIENTE Y ESPACIO PUBLICO","SS DE HIGIENE URBANA",NA,NA,NA
"308",-58.3747136962407,-34.6075956274389,"SAN NICOLAS",1,"SAENZ PE",570,"Piso:1; 3; 4; 5","MINISTERIO DE AMBIENTE Y ESPACIO PUBLICO","SS DE HIGIENE URBANA","DG LIMPIEZA",NA,NA
"309",-58.3747136962407,-34.6075956274389,"SAN NICOLAS",1,"SAENZ PE",570,"Piso:1; 3; 4; 5","MINISTERIO DE AMBIENTE Y ESPACIO PUBLICO","SS DE USO DEL ESPACIO PUBLICO","DG INSPECCION DEL USO DEL ESPACIO PUBLICO",NA,NA
"310",-58.3747136962407,-34.6075956274389,"SAN NICOLAS",1,"SAENZ PE",570,"Piso:1; 3; 4; 5","MINISTERIO DE AMBIENTE Y ESPACIO PUBLICO","SS MANTENIMIENTO DEL ESPACIO PUBLICO",NA,NA,NA
"311",-58.3747136962407,-34.6075956274389,"SAN NICOLAS",1,"SAENZ PE",570,"Piso:1; 3; 4; 5","MINISTERIO DE HACIENDA","SS DE GESTION Y ADM. FINANCIERA","DG CONTADURIA",NA,NA
"312",-58.3747136962407,-34.6075956274389,"SAN NICOLAS",1,"SAENZ PE",570,"Piso:1; 3; 4; 5","MINISTERIO DE HACIENDA","SS DE GESTION Y ADM. FINANCIERA","DG SEGUROS",NA,NA
"313",-58.3743136973398,-34.6073756281811,"SAN NICOLAS",1,"SAENZ PE",551,NA,"SECRETARIA DE GESTION COMUNAL Y ATENCION CIUDADANA",NA,NA,NA,NA
"314",-58.3743136973398,-34.6073756281811,"SAN NICOLAS",1,"SAENZ PE",551,NA,"SECRETARIA DE GESTION COMUNAL Y ATENCION CIUDADANA","SS DE ATENCION CIUDADANA",NA,NA,NA
"315",-58.3743136973398,-34.6073756281811,"SAN NICOLAS",1,"SAENZ PE",551,NA,"SECRETARIA DE GESTION COMUNAL Y ATENCION CIUDADANA","SS DE ATENCION CIUDADANA","DG ATENCION VECINAL",NA,NA
"316",-58.3743136973398,-34.6073756281811,"SAN NICOLAS",1,"SAENZ PE",551,NA,"SECRETARIA DE GESTION COMUNAL Y ATENCION CIUDADANA","SS DE ATENCION CIUDADANA","DG GESTION CALIDAD",NA,NA
"317",-58.3743136973398,-34.6073756281811,"SAN NICOLAS",1,"SAENZ PE",551,NA,"SECRETARIA DE GESTION COMUNAL Y ATENCION CIUDADANA","SS DESCENTRALIZACION Y PARTICIPACION CIUDADANA","DG PARTICIPACION CIUDADANA",NA,NA
"318",-58.3741336979991,-34.607465627925,"SAN NICOLAS",1,"SAENZ PE",541,"Piso:3º/7º/ 8º","MINISTERIO DE AMBIENTE Y ESPACIO PUBLICO","DG REGENERACION URBANA",NA,NA,NA
"319",-58.3741336979991,-34.607465627925,"SAN NICOLAS",1,"SAENZ PE",541,"Piso:3º/7º/ 8º","MINISTERIO DE AMBIENTE Y ESPACIO PUBLICO","SS DE USO DEL ESPACIO PUBLICO",NA,NA,NA
"320",-58.3741336979991,-34.607465627925,"SAN NICOLAS",1,"SAENZ PE",541,"Piso:3º/7º/ 8º","MINISTERIO DE AMBIENTE Y ESPACIO PUBLICO","SS DE USO DEL ESPACIO PUBLICO","DG FERIAS Y MERCADOS",NA,NA
"321",-58.3741336979991,-34.607465627925,"SAN NICOLAS",1,"SAENZ PE",541,"Piso:3º/7º/ 8º","MINISTERIO DE HACIENDA","SS GESTION OPERATIVA","DG COMPRAS Y CONTRATACIONES",NA,NA
"322",-58.3885236535904,-34.6048556329629,"SAN NICOLAS",1,"CORRIENTES, Av.",1530,NA,"MINISTERIO DE CULTURA","DG CENTRO CULTURAL SAN MARTIN",NA,1042,"C1042AAO"
"323",-58.3885236535904,-34.6048556329629,"SAN NICOLAS",1,"CORRIENTES, Av.",1530,NA,"SECRETARIA DE MEDIOS","SS MEDIOS Y DE PRENSA","LS1 RADIO DE LA CIUDAD",1042,"C1042AAO"
"324",-58.3885236535904,-34.6048556329629,"SAN NICOLAS",1,"CORRIENTES, Av.",1530,NA,"SECRETARIA DE MEDIOS","SS MEDIOS Y DE PRENSA","SEÑAL CABLE CIUDAD ABIERTA",1042,"C1042AAO"
"325",-58.3867736586025,-34.6035856370406,"SAN NICOLAS",1,"URUGUAY",428,NA,"PROCURACION GENERAL",NA,NA,1015,"C1015ABJ"
"326",-58.3867736586025,-34.6035856370406,"SAN NICOLAS",1,"URUGUAY",428,NA,"PROCURACION GENERAL","DG TECNICA ADM. Y LEGAL",NA,1015,"C1015ABJ"
"327",-58.3867736586025,-34.6035856370406,"SAN NICOLAS",1,"URUGUAY",428,NA,"PROCURACION GENERAL","DG TECNICA ADM. Y LEGAL","DG DE ASUNTOS PENALES",1015,"C1015ABJ"
"328",-58.3867736586025,-34.6035856370406,"SAN NICOLAS",1,"URUGUAY",428,NA,"PROCURACION GENERAL","DG TECNICA ADM. Y LEGAL","DG DE INFORMACION JURIDICA Y EXTENS.",1015,"C1015ABJ"
"329",-58.3867736586025,-34.6035856370406,"SAN NICOLAS",1,"URUGUAY",428,NA,"PROCURACION GENERAL","PGA DE ASUNTOS INST. Y EMPLEO PUBLICO",NA,1015,"C1015ABJ"
"330",-58.3867736586025,-34.6035856370406,"SAN NICOLAS",1,"URUGUAY",428,NA,"PROCURACION GENERAL","PGA DE ASUNTOS INST. Y EMPLEO PUBLICO","DG ASUNTOS COMUNALES",1015,"C1015ABJ"
"331",-58.3867736586025,-34.6035856370406,"SAN NICOLAS",1,"URUGUAY",428,NA,"PROCURACION GENERAL","PGA DE ASUNTOS INST. Y EMPLEO PUBLICO","DG ASUNTOS INSTITUCIONALES",1015,"C1015ABJ"
"332",-58.3867736586025,-34.6035856370406,"SAN NICOLAS",1,"URUGUAY",428,NA,"PROCURACION GENERAL","PGA DE ASUNTOS INST. Y EMPLEO PUBLICO","DG EMPLEO PUBLICO",1015,"C1015ABJ"
"333",-58.3867736586025,-34.6035856370406,"SAN NICOLAS",1,"URUGUAY",428,NA,"PROCURACION GENERAL","PGA DE ASUNTOS INST. Y EMPLEO PUBLICO","DG SUMARIOS",1015,"C1015ABJ"
"334",-58.3867736586025,-34.6035856370406,"SAN NICOLAS",1,"URUGUAY",428,NA,"PROCURACION GENERAL","PGA DE ASUNTOS PATRIM.Y FISCALES",NA,1015,"C1015ABJ"
"335",-58.3867736586025,-34.6035856370406,"SAN NICOLAS",1,"URUGUAY",428,NA,"PROCURACION GENERAL","PGA DE ASUNTOS PATRIM.Y FISCALES","DG ASUNTOS PATRIMONIALES",1015,"C1015ABJ"
"336",-58.3867736586025,-34.6035856370406,"SAN NICOLAS",1,"URUGUAY",428,NA,"PROCURACION GENERAL","PGA DE ASUNTOS PATRIM.Y FISCALES","DG ASUNTOS TRIBUT. Y REC. FISCALES",1015,"C1015ABJ"
"337",-58.3867736586025,-34.6035856370406,"SAN NICOLAS",1,"URUGUAY",428,NA,"PROCURACION GENERAL","PGA DE ASUNTOS PATRIM.Y FISCALES","DG RELACIONES CONTRACTUALES",1015,"C1015ABJ"
"338",-58.3867736586025,-34.6035856370406,"SAN NICOLAS",1,"URUGUAY",428,NA,"PROCURACION GENERAL","UNIDAD DE AUDITORIA INTERNA",NA,1015,"C1015ABJ"
"339",-58.386783658493,-34.6033056379097,"SAN NICOLAS",1,"URUGUAY",454,NA,"PROCURACION GENERAL",NA,NA,1015,"C1015ABJ"
"340",-58.386783658493,-34.6033056379097,"SAN NICOLAS",1,"URUGUAY",454,NA,"PROCURACION GENERAL","DG TECNICA ADM. Y LEGAL","DG DE ASUNTOS PENALES",1015,"C1015ABJ"
"341",-58.386783658493,-34.6033056379097,"SAN NICOLAS",1,"URUGUAY",454,NA,"PROCURACION GENERAL","DG TECNICA ADM. Y LEGAL","DG DE INFORMACION JURIDICA Y EXTENS.",1015,"C1015ABJ"
"342",-58.386783658493,-34.6033056379097,"SAN NICOLAS",1,"URUGUAY",454,NA,"PROCURACION GENERAL","PGA DE ASUNTOS INST. Y EMPLEO PUBLICO","DG ASUNTOS COMUNALES",1015,"C1015ABJ"
"343",-58.386783658493,-34.6033056379097,"SAN NICOLAS",1,"URUGUAY",454,NA,"PROCURACION GENERAL","PGA DE ASUNTOS INST. Y EMPLEO PUBLICO","DG ASUNTOS INSTITUCIONALES",1015,"C1015ABJ"
"344",-58.386783658493,-34.6033056379097,"SAN NICOLAS",1,"URUGUAY",454,NA,"PROCURACION GENERAL","PGA DE ASUNTOS INST. Y EMPLEO PUBLICO","DG EMPLEO PUBLICO",1015,"C1015ABJ"
"345",-58.386783658493,-34.6033056379097,"SAN NICOLAS",1,"URUGUAY",454,NA,"PROCURACION GENERAL","PGA DE ASUNTOS INST. Y EMPLEO PUBLICO","DG SUMARIOS",1015,"C1015ABJ"
"346",-58.386783658493,-34.6033056379097,"SAN NICOLAS",1,"URUGUAY",454,NA,"PROCURACION GENERAL","PGA DE ASUNTOS PATRIM.Y FISCALES",NA,1015,"C1015ABJ"
"347",-58.386783658493,-34.6033056379097,"SAN NICOLAS",1,"URUGUAY",454,NA,"PROCURACION GENERAL","PGA DE ASUNTOS PATRIM.Y FISCALES","DG ASUNTOS PATRIMONIALES",1015,"C1015ABJ"
"348",-58.386783658493,-34.6033056379097,"SAN NICOLAS",1,"URUGUAY",454,NA,"PROCURACION GENERAL","PGA DE ASUNTOS PATRIM.Y FISCALES","DG ASUNTOS TRIBUT. Y REC. FISCALES",1015,"C1015ABJ"
"349",-58.386783658493,-34.6033056379097,"SAN NICOLAS",1,"URUGUAY",454,NA,"PROCURACION GENERAL","PGA DE ASUNTOS PATRIM.Y FISCALES","DG RELACIONES CONTRACTUALES",1015,"C1015ABJ"
"350",-58.386783658493,-34.6033056379097,"SAN NICOLAS",1,"URUGUAY",454,NA,"PROCURACION GENERAL","UNIDAD DE AUDITORIA INTERNA",NA,1015,"C1015ABJ"
"351",-58.3868936572234,-34.6001056475015,"SAN NICOLAS",1,"URUGUAY",740,NA,"JEFATURA DE GABINETE DE MINISTROS","SUBSEC DESCENTRALIZACION","COMUNA 1",1015,"C1015ABP"
"352",-58.386613657957,-34.5999256480253,"SAN NICOLAS",1,"URUGUAY",749,"Piso:1º","MINISTERIO DE GOBIERNO","SS GOBIERNO","DG REG DEL EST CIVIL Y CAPAC DE LAS PERSONAS",1015,"C1015ABO"
"353",-58.3823836723636,-34.6052756329069,"SAN NICOLAS",1,"CERRITO",264,"Piso:10°, 11°, ; SARMIENTO 1116/1124","MINISTERIO DE MODERNIZACION, INNOVACION Y TECNOLOGIA","SS DE DEPORTES",NA,1010,"C1010AAF"
"354",-58.3823836723636,-34.6052756329069,"SAN NICOLAS",1,"CERRITO",264,"Piso:10°, 11°, ; SARMIENTO 1116/1124","MINISTERIO DE MODERNIZACION, INNOVACION Y TECNOLOGIA","SS DE DEPORTES","DG DEPORTE SOCIAL Y DESARROLLO DEPORTIVO",1010,"C1010AAF"
"355",-58.3826636699081,-34.59958564987,"SAN NICOLAS",1,"CERRITO",750,NA,"TRIBUNAL SUPERIOR DE JUSTICIA DE LA CIUDAD DE BUENOS AIRES",NA,NA,1010,"C1010AAP"
"356",-58.380653677834,-34.6063456300288,"SAN NICOLAS",1,"PELLEGRINI, CARLOS",179,"Piso:3º/4º/5º","MINISTERIO DE MODERNIZACION, INNOVACION Y TECNOLOGIA","SS DESARROLLO INCLUSIVO","INSTITUTO DE VIVIENDA DE LA CIUDAD (IVC)",1009,"C1009ABC"
"357",-58.3807436771827,-34.6046656349833,"SAN NICOLAS",1,"PELLEGRINI, CARLOS",313,NA,"MINISTERIO DE HACIENDA","SS DE GESTION Y ADM. FINANCIERA","DG CONTADURIA",1009,"C1009ABG"
"358",-58.3807436771827,-34.6046656349833,"SAN NICOLAS",1,"PELLEGRINI, CARLOS",313,NA,"MINISTERIO DE SALUD",NA,NA,1009,"C1009ABG"
"359",-58.3807436771827,-34.6046656349833,"SAN NICOLAS",1,"PELLEGRINI, CARLOS",313,NA,"MINISTERIO DE SALUD","SS DE ADMINISTRACIÓN DEL SISTEMA DE SALUD",NA,1009,"C1009ABG"
"360",-58.3807436771827,-34.6046656349833,"SAN NICOLAS",1,"PELLEGRINI, CARLOS",313,NA,"MINISTERIO DE SALUD","SS DE ADMINISTRACIÓN DEL SISTEMA DE SALUD","DG ADMINISTRACION Y DESARROLLO DE RECURSOS HUMANOS",1009,"C1009ABG"
"361",-58.3807436771827,-34.6046656349833,"SAN NICOLAS",1,"PELLEGRINI, CARLOS",313,NA,"MINISTERIO DE SALUD","SS DE ADMINISTRACIÓN DEL SISTEMA DE SALUD","DG ADMINISTRATIVA CONTABLE",1009,"C1009ABG"
"362",-58.3807436771827,-34.6046656349833,"SAN NICOLAS",1,"PELLEGRINI, CARLOS",313,NA,"MINISTERIO DE SALUD","SS DE ADMINISTRACIÓN DEL SISTEMA DE SALUD","DG LEGAL Y TECNICA",1009,"C1009ABG"
"363",-58.3807436771827,-34.6046656349833,"SAN NICOLAS",1,"PELLEGRINI, CARLOS",313,NA,"MINISTERIO DE SALUD","SS DE ADMINISTRACIÓN DEL SISTEMA DE SALUD","DG PLANEAMIENTO Y PRESUPUESTO",1009,"C1009ABG"
"364",-58.3807436771827,-34.6046656349833,"SAN NICOLAS",1,"PELLEGRINI, CARLOS",313,NA,"MINISTERIO DE SALUD","SS DE ADMINISTRACIÓN DEL SISTEMA DE SALUD","DG RECURSOS FISICOS EN SALUD",1009,"C1009ABG"
"365",-58.3807436771827,-34.6046656349833,"SAN NICOLAS",1,"PELLEGRINI, CARLOS",313,NA,"MINISTERIO DE SALUD","SS DE ADMINISTRACIÓN DEL SISTEMA DE SALUD","DG SISTEMAS INFORMATICOS",1009,"C1009ABG"
"366",-58.3807436771827,-34.6046656349833,"SAN NICOLAS",1,"PELLEGRINI, CARLOS",313,NA,"MINISTERIO DE SALUD","SS DE ATENCION INTEGRADA DE SALUD","DG ATENCION MEDICA DE EMERGENCIAS (SAME)",1009,"C1009ABG"
"367",-58.3801236789992,-34.6047556348359,"SAN NICOLAS",1,"SAENZ PE",924,"Piso:9° Piso/1°","MINISTERIO DE HACIENDA","INSTITUTO DE JUEGO Y APUESTAS",NA,NA,NA
"368",-58.385385668057,-34.6221825817377,"CONSTITUCION",1,"SAN JUAN, Av.",1369,NA,"MINISTERIO DE HACIENDA","AGIP","DG ESTADISTICAS Y CENSOS",1148,"C1148AAB"
"369",-58.3601037410703,-34.6097256239327,"PUERTO MADERO",1,"DE LOS ITALIANOS, Av.",851,NA,"MINISTERIO DE CULTURA","SS PATRIMONIO CULTURAL","DG MUSEOS",NA,NA
"370",-58.3583037462662,-34.6086256275491,"PUERTO MADERO",1,"ACHAVAL RODRIGUEZ, T., Dr., Av. Cost. SN",NA,NA,"MINISTERIO DE AMBIENTE Y ESPACIO PUBLICO","SS MANTENIMIENTO DEL ESPACIO PUBLICO","DG ESPACIOS VERDES",NA,NA
