long,lat,barrio,comuna,calle,altura,piso_dpto,nivel_gest,nivel_get_1,nivel_get_2,codigo_postal,codigo_postal_argentino
-58.4245735571621,-34.6502954900575,NUEVA POMPEYA,4,"BARCO CENTENERA, del ",2906,,JEFATURA DE GABINETE DE MINISTROS,SUBSEC DESCENTRALIZACION,COMUNA 4,1437,C1437ACO
-58.4312335369289,-34.6499754897627,FLORES,7,"FERNANDEZ DE LA CRUZ, F., Gral., Av. ",1745,,MINISTERIO DE HACIENDA,SS GESTION OPERATIVA,DG COMPRAS Y CONTRATACIONES,1437,C1437GYJ
-58.4637934377658,-34.6484854879267,FLORES,7,"ACOSTA, MARIANO ",1684,,JEFATURA DE GABINETE DE MINISTROS,SS TRANSPORTE,DG TRANSITO,1407,C1407KCH
-58.4635234384634,-34.6480254893025,FLORES,7,ZUVIRIA ,3359,,JEFATURA DE GABINETE DE MINISTROS,SS TRANSPORTE,DG TRANSITO,1407,C1407HWA
-58.4633034390951,-34.6480954891612,FLORES,7,ZUVIRIA ,3351,,JEFATURA DE GABINETE DE MINISTROS,SS TRANSPORTE,DG TRANSITO,1407,C1407HWA
-58.4477834925409,-34.6706754246583,VILLA SOLDATI,8,"LACARRA, Av. SN",,,"MINISTERIO DE MODERNIZACION, INNOVACION Y TECNOLOGIA",PARQUE DE LA CIUDAD,,,
-58.4578734626627,-34.6730854154616,VILLA SOLDATI,8,"FERNANDEZ DE LA CRUZ, F., Gral., Av. SN",,,"MINISTERIO DE MODERNIZACION, INNOVACION Y TECNOLOGIA",PARQUE DE LA CIUDAD,,,
-58.4493234895311,-34.676235407666,VILLA SOLDATI,8,"ESCALADA, Av. ",4502,,MINISTERIO DE HABITAT Y DESARROLLO HUMANO,SS DE FORTALECIMIENTO FAMILIAR Y COMUNITARIO,DG ATENCION INMEDIATA,1439,C1439FIT
-58.4493234895311,-34.676235407666,VILLA SOLDATI,8,"ESCALADA, Av. ",4502,,MINISTERIO DE HABITAT Y DESARROLLO HUMANO,SS DE PROMOCION SOCIAL,DG MUJER,1439,C1439FIT
-58.4493234895311,-34.676235407666,VILLA SOLDATI,8,"ESCALADA, Av. ",4502,,MINISTERIO DE HABITAT Y DESARROLLO HUMANO,SS DE PROMOCION SOCIAL,DG NIÑEZ Y ADOLESCENCIA,1439,C1439FIT
-58.4493234895311,-34.676235407666,VILLA SOLDATI,8,"ESCALADA, Av. ",4502,,MINISTERIO DE HABITAT Y DESARROLLO HUMANO,SS DE PROMOCION SOCIAL,DG SERVICIOS SOCIALES ZONALES,1439,C1439FIT
-58.4493234895311,-34.676235407666,VILLA SOLDATI,8,"ESCALADA, Av. ",4502,,MINISTERIO DE HACIENDA,SS DE GESTION Y ADM. FINANCIERA,DG GESTION DE SERVICIOS ECONOMIAS Y REC NO TRIBUTARIOS,1439,C1439FIT
-58.4493234895311,-34.676235407666,VILLA SOLDATI,8,"ESCALADA, Av. ",4502,,"MINISTERIO DE MODERNIZACION, INNOVACION Y TECNOLOGIA",PARQUE DE LA CIUDAD,,1439,C1439FIT
-58.4559934720336,-34.685945377326,VILLA RIACHUELO,8,"ROCA, Cnel., Av. ",5210,,JEFATURA DE GABINETE DE MINISTROS,SS TRANSPORTE,DG LICENCIAS,1439,C1439DVN
-58.4559934720336,-34.685945377326,VILLA RIACHUELO,8,"ROCA, Cnel., Av. ",5210,,JEFATURA DE GABINETE DE MINISTROS,SUBSEC DESCENTRALIZACION,COMUNA 14,1439,C1439DVN
-58.5241932569025,-34.656695451777,MATADEROS,9,"CASTRO, EMILIO, Av. ",7640,,MINISTERIO DE HACIENDA,SS DE GESTION Y ADM. FINANCIERA,DG DE MANTENIMIENTO DE LA FLOTA AUTOMOTOR,1408,C1408IHN
-58.5050333158647,-34.6596454465954,MATADEROS,9,"GORDILLO, TIMOTEO ",2212,,JEFATURA DE GABINETE DE MINISTROS,SUBSEC DESCENTRALIZACION,COMUNA 15,1440,C1440EET
-58.4838133725874,-34.6326155315636,FLORESTA,10,"SEGUROLA, Av. ",127,,SECRETARIA DE GESTION COMUNAL Y ATENCION CIUDADANA,SS DESCENTRALIZACION Y PARTICIPACION CIUDADANA,,1407,C1407ANA
-58.4835433732078,-34.6318555338754,FLORESTA,10,BACACAY ,3968,,JEFATURA DE GABINETE DE MINISTROS,SUBSEC DESCENTRALIZACION,COMUNA 2,1407,C1407EDN
-58.4729734199951,-34.684095379652,VILLA LUGANO,8,"CHILAVERT, MARTINIANO, Cnel. ",6090,,MINISTERIO DE EDUCACION,,,1439,C1439CLR
-58.4578534668758,-34.6877253717059,VILLA RIACHUELO,8,"ROCA, Cnel., Av. ",5350,,JEFATURA DE GABINETE DE MINISTROS,SS TRANSPORTE,DG TRANSITO,1439,C1439DVN
-58.3923636514971,-34.6382655322853,PARQUE PATRICIOS,4,"VELEZ SARSFIELD, Av. ",401,,MINISTERIO DE SALUD,SS DE ATENCION INTEGRADA DE SALUD,DG REGION SANITARIA I,1282,C1282AFE
-58.3921136528366,-34.6404755257384,PARQUE PATRICIOS,4,"ALCORTA, AMANCIO, Av. ",2101,,MINISTERIO DE SALUD,SS DE ATENCION INTEGRADA DE SALUD,DG REGION SANITARIA I,1283,C1283AAH
-58.4070736075669,-34.6408255217383,PARQUE PATRICIOS,4,USPALLATA ,3102,,JEFATURA DE GABINETE DE MINISTROS,SS ASUNTOS PUBLICOS,,1437,C1437JCL
-58.4070736075669,-34.6408255217383,PARQUE PATRICIOS,4,USPALLATA ,3102,,JEFATURA DE GABINETE DE MINISTROS,SS ASUNTOS PUBLICOS,DG COORD. DE GESTION POLITICA Y RELACIONES INSTITUCIONALES,1437,C1437JCL
-58.4070736075669,-34.6408255217383,PARQUE PATRICIOS,4,USPALLATA ,3102,,JEFATURA DE GABINETE DE MINISTROS,SS ASUNTOS PUBLICOS,DG SEGUIMIENTO DE ORGANISMOS DE CONTROL Y ACCESO A LA INFORMACION,1437,C1437JCL
-58.4070736075669,-34.6408255217383,PARQUE PATRICIOS,4,USPALLATA ,3102,,JEFATURA DE GABINETE DE MINISTROS,SS PLANEAMIENTO Y CONTROL DE GESTION,DG CONTROL DE GESTION,1437,C1437JCL
-58.4070736075669,-34.6408255217383,PARQUE PATRICIOS,4,USPALLATA ,3102,,JEFATURA DE GABINETE DE MINISTROS,SS PLANEAMIENTO Y CONTROL DE GESTION,DG EVALUACION DEL GASTO,1437,C1437JCL
-58.4070736075669,-34.6408255217383,PARQUE PATRICIOS,4,USPALLATA ,3102,,JEFATURA DE GABINETE DE MINISTROS,SS PLANEAMIENTO Y CONTROL DE GESTION,DG PLANIFICACION ESTRATEGICA,1437,C1437JCL
-58.4070736075669,-34.6408255217383,PARQUE PATRICIOS,4,USPALLATA ,3102,,JEFATURA DE GABINETE DE MINISTROS,,UNIDADES DE ATENCION CIUDADANA,1437,C1437JCL
-58.4070736075669,-34.6408255217383,PARQUE PATRICIOS,4,USPALLATA ,3102,,JEFE DE GOBIERNO,,,1437,C1437JCL
-58.4070736075669,-34.6408255217383,PARQUE PATRICIOS,4,USPALLATA ,3102,,JEFE DE GOBIERNO,,DG CULTOS,1437,C1437JCL
-58.4070736075669,-34.6408255217383,PARQUE PATRICIOS,4,USPALLATA ,3102,,MINISTERIO DE GOBIERNO,,,1437,C1437JCL
-58.4070736075669,-34.6408255217383,PARQUE PATRICIOS,4,USPALLATA ,3102,,MINISTERIO DE GOBIERNO,"DG TECNICA, ADMINISTRATIVA Y LEGAL",,1437,C1437JCL
-58.4070736075669,-34.6408255217383,PARQUE PATRICIOS,4,USPALLATA ,3102,,MINISTERIO DE GOBIERNO,SS ASUNTOS POLITICOS,DG ASUNTOS INTERJURISDICCIONALES,1437,C1437JCL
-58.4070736075669,-34.6408255217383,PARQUE PATRICIOS,4,USPALLATA ,3102,,MINISTERIO DE GOBIERNO,SS ASUNTOS POLITICOS,DG PROGRAMA DE COOPERACION INTERJURISDICCIONAL,1437,C1437JCL
-58.4070736075669,-34.6408255217383,PARQUE PATRICIOS,4,USPALLATA ,3102,,MINISTERIO DE GOBIERNO,SS ASUNTOS POLITICOS,DG REFORMA POLITICA,1437,C1437JCL
-58.4070736075669,-34.6408255217383,PARQUE PATRICIOS,4,USPALLATA ,3102,,MINISTERIO DE GOBIERNO,UPE CUENCA MATANZA- RIACHUELO,,1437,C1437JCL
-58.4070736075669,-34.6408255217383,PARQUE PATRICIOS,4,USPALLATA ,3102,,SECRETARIA DE MEDIOS,,,1437,C1437JCL
-58.4070736075669,-34.6408255217383,PARQUE PATRICIOS,4,USPALLATA ,3102,,SECRETARIA GENERAL,,,1437,C1437JCL
-58.4070736075669,-34.6408255217383,PARQUE PATRICIOS,4,USPALLATA ,3102,,SECRETARIA LEGAL Y TECNICA,,,1437,C1437JCL
-58.4070736075669,-34.6408255217383,PARQUE PATRICIOS,4,USPALLATA ,3102,,VICEJEFATURA DE GOBIERNO,SECRETARIA DE DESARROLLO CIUDADANO,DG DESARROLLO SALUDABLE,1437,C1437JCL
-58.4070736075669,-34.6408255217383,PARQUE PATRICIOS,4,USPALLATA ,3102,,VICEJEFATURA DE GOBIERNO,SECRETARIA DE DESARROLLO CIUDADANO,DG POLITICAS DE JUVENTUD,1437,C1437JCL
-58.371445711935,-34.6280485668527,BARRACAS,4,"FINOCHIETTO, ENRIQUE, Dr. ",435,,MINISTERIO DE DESARROLLO URBANO Y TRANSPORTE,SECRETARIA DE PLANEAMIENTO,DG REGISTRO DE OBRAS Y CATASTRO,1143,C1143ABA
-58.371445711935,-34.6280485668527,BARRACAS,4,"FINOCHIETTO, ENRIQUE, Dr. ",435,,"MINISTERIO DE MODERNIZACION, INNOVACION Y TECNOLOGIA",SS DESARROLLO INCLUSIVO,INSTITUTO DE VIVIENDA DE LA CIUDAD (IVC),1143,C1143ABA
-58.369903716921,-34.6290555641518,BOCA,4,PILCOMAYO ,1053,,JEFATURA DE GABINETE DE MINISTROS,SS TRANSPORTE,,1163,C1163AEA
-58.369903716921,-34.6290555641518,BOCA,4,PILCOMAYO ,1053,,JEFATURA DE GABINETE DE MINISTROS,SS TRANSPORTE,DG TRANSITO,1163,C1163AEA
-58.369903716921,-34.6290555641518,BOCA,4,PILCOMAYO ,1053,,MINISTERIO DE AMBIENTE Y ESPACIO PUBLICO,,,1163,C1163AEA
-58.369903716921,-34.6290555641518,BOCA,4,PILCOMAYO ,1053,,MINISTERIO DE AMBIENTE Y ESPACIO PUBLICO,SS DE USO DEL ESPACIO PUBLICO,DG ORDENAMIENTO DEL ESPACIO PUBLICO,1163,C1163AEA
-58.369903716921,-34.6290555641518,BOCA,4,PILCOMAYO ,1053,,MINISTERIO DE AMBIENTE Y ESPACIO PUBLICO,SS MANTENIMIENTO DEL ESPACIO PUBLICO,DG ALUMBRADO,1163,C1163AEA
-58.369903716921,-34.6290555641518,BOCA,4,PILCOMAYO ,1053,,MINISTERIO DE AMBIENTE Y ESPACIO PUBLICO,SS MANTENIMIENTO DEL ESPACIO PUBLICO,DG ARBOLADO,1163,C1163AEA
-58.369903716921,-34.6290555641518,BOCA,4,PILCOMAYO ,1053,,MINISTERIO DE AMBIENTE Y ESPACIO PUBLICO,SS MANTENIMIENTO DEL ESPACIO PUBLICO,DG ESPACIOS VERDES,1163,C1163AEA
-58.369903716921,-34.6290555641518,BOCA,4,PILCOMAYO ,1053,,MINISTERIO DE DESARROLLO URBANO Y TRANSPORTE,,,1163,C1163AEA
-58.369903716921,-34.6290555641518,BOCA,4,PILCOMAYO ,1053,,MINISTERIO DE DESARROLLO URBANO Y TRANSPORTE,CONSEJO PLAN URBANO AMBIENTAL,,1163,C1163AEA
-58.369903716921,-34.6290555641518,BOCA,4,PILCOMAYO ,1053,,MINISTERIO DE DESARROLLO URBANO Y TRANSPORTE,DG COORD LEGAL E INSTITUCIONAL,,1163,C1163AEA
-58.369903716921,-34.6290555641518,BOCA,4,PILCOMAYO ,1053,,MINISTERIO DE DESARROLLO URBANO Y TRANSPORTE,,DG REGISTRO DE OBRAS Y CATASTRO,1163,C1163AEA
-58.369903716921,-34.6290555641518,BOCA,4,PILCOMAYO ,1053,,MINISTERIO DE DESARROLLO URBANO Y TRANSPORTE,SECRETARIA DE PLANEAMIENTO,,1163,C1163AEA
-58.369903716921,-34.6290555641518,BOCA,4,PILCOMAYO ,1053,,MINISTERIO DE DESARROLLO URBANO Y TRANSPORTE,SECRETARIA DE PLANEAMIENTO,DG INTERPRETACION URBANISTICA,1163,C1163AEA
-58.369903716921,-34.6290555641518,BOCA,4,PILCOMAYO ,1053,,MINISTERIO DE DESARROLLO URBANO Y TRANSPORTE,SECRETARIA DE PLANEAMIENTO,DG PLANEAMIENTO,1163,C1163AEA
-58.369903716921,-34.6290555641518,BOCA,4,PILCOMAYO ,1053,,MINISTERIO DE DESARROLLO URBANO Y TRANSPORTE,SECRETARIA DE PLANEAMIENTO,DG REGISTRO DE OBRAS Y CATASTRO,1163,C1163AEA
-58.369903716921,-34.6290555641518,BOCA,4,PILCOMAYO ,1053,,MINISTERIO DE DESARROLLO URBANO Y TRANSPORTE,SS COORD Y SEGUIMIENTO DE CONTROL,DG SEGUIMIENTO DE GESTION,1163,C1163AEA
-58.369903716921,-34.6290555641518,BOCA,4,PILCOMAYO ,1053,,MINISTERIO DE DESARROLLO URBANO Y TRANSPORTE,SS DE PROYECTOS DE URBANISMO ARQUITECTURA E INFRAESTRUCTURA,,1163,C1163AEA
-58.369903716921,-34.6290555641518,BOCA,4,PILCOMAYO ,1053,,MINISTERIO DE DESARROLLO URBANO Y TRANSPORTE,SS DE PROYECTOS DE URBANISMO ARQUITECTURA E INFRAESTRUCTURA,DG DE INFRAESTRUCTURA,1163,C1163AEA
-58.369903716921,-34.6290555641518,BOCA,4,PILCOMAYO ,1053,,MINISTERIO DE DESARROLLO URBANO Y TRANSPORTE,SS TRANSPORTE,DG TRANSITO,1163,C1163AEA
-58.369903716921,-34.6290555641518,BOCA,4,PILCOMAYO ,1053,,MINISTERIO DE DESARROLLO URBANO Y TRANSPORTE,UPE DEL ARROYO MALDONADO,,1163,C1163AEA
-58.369903716921,-34.6290555641518,BOCA,4,PILCOMAYO ,1053,,MINISTERIO DE DESARROLLO URBANO Y TRANSPORTE,UPE OBRAS DE RED DE SUBTERRANEOS,,1163,C1163AEA
-58.369903716921,-34.6290555641518,BOCA,4,PILCOMAYO ,1053,,MINISTERIO DE GOBIERNO,,,1163,C1163AEA
-58.369903716921,-34.6290555641518,BOCA,4,PILCOMAYO ,1053,,MINISTERIO DE HABITAT Y DESARROLLO HUMANO,SS DE PROMOCION SOCIAL,DG MUJER,1163,C1163AEA
-58.369903716921,-34.6290555641518,BOCA,4,PILCOMAYO ,1053,,MINISTERIO DE JUSTICIA Y SEGURIDAD,SS DE JUSTICIA,DG ADM.  DE INFRACCIONES,1163,C1163AEA
-58.369903716921,-34.6290555641518,BOCA,4,PILCOMAYO ,1053,,"MINISTERIO DE MODERNIZACION, INNOVACION Y TECNOLOGIA",,,1163,C1163AEA
-58.369903716921,-34.6290555641518,BOCA,4,PILCOMAYO ,1053,,"MINISTERIO DE MODERNIZACION, INNOVACION Y TECNOLOGIA",DG ADMINISTRACION DE BIENES,,1163,C1163AEA
-58.369903716921,-34.6290555641518,BOCA,4,PILCOMAYO ,1053,,"MINISTERIO DE MODERNIZACION, INNOVACION Y TECNOLOGIA",SS DE GESTION DE PROYECTOS DE MODERNIZACION,DG MODERNIZACION ADMINISTRATIVA,1163,C1163AEA
-58.369903716921,-34.6290555641518,BOCA,4,PILCOMAYO ,1053,,"MINISTERIO DE MODERNIZACION, INNOVACION Y TECNOLOGIA",SS DE GESTION DE RRHH,,1163,C1163AEA
-58.369903716921,-34.6290555641518,BOCA,4,PILCOMAYO ,1053,,"MINISTERIO DE MODERNIZACION, INNOVACION Y TECNOLOGIA",SS DE GESTION DE RRHH,DG ADMINISTRACION Y LIQUIDACION DE HABERES,1163,C1163AEA
-58.369903716921,-34.6290555641518,BOCA,4,PILCOMAYO ,1053,,"MINISTERIO DE MODERNIZACION, INNOVACION Y TECNOLOGIA",SS DE TRABAJO,DG EMPLEO,1163,C1163AEA
-58.3834536773343,-34.6342855458832,BARRACAS,4,"ALCORTA, AMANCIO, Av. ",1402,,MINISTERIO DE HABITAT Y DESARROLLO HUMANO,SS DE FORTALECIMIENTO FAMILIAR Y COMUNITARIO,DG ATENCION INMEDIATA,1283,C1283AAN
-58.3834536773343,-34.6342855458832,BARRACAS,4,"ALCORTA, AMANCIO, Av. ",1402,,"MINISTERIO DE MODERNIZACION, INNOVACION Y TECNOLOGIA",SS DE GESTION DE RRHH,DG ADMINISTRACION DE MEDICINA DEL TRABAJO,1283,C1283AAN
-58.3813036838901,-34.6343355462059,BARRACAS,4,PARACAS ,243,,MINISTERIO DE AMBIENTE Y ESPACIO PUBLICO,SS DE HIGIENE URBANA,DG LIMPIEZA,1275,C1275AFE
-58.3805136920925,-34.6547354853136,BARRACAS,4,SANTA MARIA del BUEN AIRE ,1002,,"MINISTERIO DE MODERNIZACION, INNOVACION Y TECNOLOGIA",DG INDUSTRIAS CREATIVAS,,1277,C1277ADP
-58.3798336942146,-34.6549754847391,BARRACAS,4,ALGARROBO ,1007,,"MINISTERIO DE MODERNIZACION, INNOVACION Y TECNOLOGIA",DG INDUSTRIAS CREATIVAS,,1293,C1293ABA
-58.3787536936997,-34.6416055249084,BARRACAS,4,"SUAREZ, Av. ",2034,,JEFATURA DE GABINETE DE MINISTROS,SUBSEC DESCENTRALIZACION,COMUNA 10,1288,C1288AFD
-58.3676737230989,-34.6269855707638,BOCA,4,"BROWN, Alte., Av. ",12,,MINISTERIO DE AMBIENTE Y ESPACIO PUBLICO,SS MANTENIMIENTO DEL ESPACIO PUBLICO,ENTE DE MANTENIMIENTO URBANO INTEGRAL,1155,C1155ADN
-58.3687737235443,-34.6403755305562,BOCA,4,"REGIMIENTO DE PATRICIOS, Av. ",1142,,MINISTERIO DE JUSTICIA Y SEGURIDAD,,,1265,C1265AER
-58.3687737235443,-34.6403755305562,BOCA,4,"REGIMIENTO DE PATRICIOS, Av. ",1142,,MINISTERIO DE JUSTICIA Y SEGURIDAD,COMITE DE SEGUIMIENTO DEL SISTEMA DE SEG PUBLICA,,1265,C1265AER
-58.3687737235443,-34.6403755305562,BOCA,4,"REGIMIENTO DE PATRICIOS, Av. ",1142,,MINISTERIO DE JUSTICIA Y SEGURIDAD,DG DE ESTUDIOS Y TECNOLOGIA DE LA INFORMACION,,1265,C1265AER
-58.3687737235443,-34.6403755305562,BOCA,4,"REGIMIENTO DE PATRICIOS, Av. ",1142,,MINISTERIO DE JUSTICIA Y SEGURIDAD,SS DE ADMINIST DE LA POLICIA METROPOLITANA,,1265,C1265AER
-58.3687737235443,-34.6403755305562,BOCA,4,"REGIMIENTO DE PATRICIOS, Av. ",1142,,MINISTERIO DE JUSTICIA Y SEGURIDAD,SS DE ADMINIST DE LA POLICIA METROPOLITANA,DG DE ADM DE RR HH DE LA POLICIA METROPOLITANA,1265,C1265AER
-58.3687737235443,-34.6403755305562,BOCA,4,"REGIMIENTO DE PATRICIOS, Av. ",1142,,MINISTERIO DE JUSTICIA Y SEGURIDAD,SS DE EMERGENCIAS,,1265,C1265AER
-58.3687737235443,-34.6403755305562,BOCA,4,"REGIMIENTO DE PATRICIOS, Av. ",1142,,MINISTERIO DE JUSTICIA Y SEGURIDAD,SS DE JUSTICIA,,1265,C1265AER
-58.3687737235443,-34.6403755305562,BOCA,4,"REGIMIENTO DE PATRICIOS, Av. ",1142,,MINISTERIO DE JUSTICIA Y SEGURIDAD,SS JEFATURA DE POLICIA METROPOLITANA,,1265,C1265AER
-58.3687737235443,-34.6403755305562,BOCA,4,"REGIMIENTO DE PATRICIOS, Av. ",1142,,MINISTERIO DE JUSTICIA Y SEGURIDAD,SS SEGURIDAD URBANA,,1265,C1265AER
-58.3687737235443,-34.6403755305562,BOCA,4,"REGIMIENTO DE PATRICIOS, Av. ",1142,,MINISTERIO DE JUSTICIA Y SEGURIDAD,SS SEGURIDAD URBANA,DG SEGURIDAD PRIVADA,1265,C1265AER
-58.451533470039,-34.6310155425299,PARQUE CHACABUCO,7,"CURAPALIGUE, Av. ",525,,MINISTERIO DE HABITAT Y DESARROLLO HUMANO,SS ADMINISTRACION,,1406,C1406DAF
-58.4430134967283,-34.6342255345833,PARQUE CHACABUCO,7,"ASAMBLEA, Av. SN",1026,,JEFATURA DE GABINETE DE MINISTROS,SS TRANSPORTE,DG CUERPOS DE AGENTES DE CONTROL DE TRANSITO Y EL TRANSPORTE,,
-58.4669434230816,-34.6302355419136,FLORES,7,"RIVADAVIA, Av. ",7202,,JEFATURA DE GABINETE DE MINISTROS,SUBSEC DESCENTRALIZACION,COMUNA 7,1406,C1406GMP
-58.4538434605171,-34.6220055690408,CABALLITO,6,BOGOTA ,1624,,MINISTERIO DE JUSTICIA Y SEGURIDAD,SS DE JUSTICIA,DG ELECTORAL,1406,C1406GBD
-58.4217935592624,-34.6277455580314,BOEDO,5,COCHABAMBA ,4042,,MINISTERIO DE HABITAT Y DESARROLLO HUMANO,SS DE PROMOCION SOCIAL,DG NIÑEZ Y ADOLESCENCIA,1252,C1252ABT
-58.4201235642205,-34.6272155599658,BOEDO,5,CASTRO ,1185,,JEFATURA DE GABINETE DE MINISTROS,SUBSEC DESCENTRALIZACION,COMUNA 11,1237,C1237AAA
-58.4407635014572,-34.6266455577077,CABALLITO,6,"GOYENA, PEDRO, Av. ",894,,MINISTERIO PUBLICO FISCAL CABA,DEFENSORIA GENERAL,,1424,C1424BSV
-58.4411635017385,-34.6320955412866,PARQUE CHACABUCO,7,"MITRE, EMILIO ",954,,JEFATURA DE GABINETE DE MINISTROS,SUBSEC DESCENTRALIZACION,COMUNA 5,1424,C1424AYT
-58.4411135019595,-34.6321655411165,PARQUE CHACABUCO,7,"MITRE, EMILIO ",970,,JEFATURA DE GABINETE DE MINISTROS,SUBSEC DESCENTRALIZACION,COMUNA 12,1424,C1424AYT
-58.4410135022436,-34.6322955406977,PARQUE CHACABUCO,7,"MITRE, EMILIO ",984,,JEFATURA DE GABINETE DE MINISTROS,SUBSEC DESCENTRALIZACION,COMUNA 6,1424,C1424AYT
-58.4406535033301,-34.6323355406697,PARQUE CHACABUCO,7,TEJEDOR ,1085,,JEFATURA DE GABINETE DE MINISTROS,SUBSEC DESCENTRALIZACION,COMUNA 12,1424,C1424CLU
-58.4408435026518,-34.6319155418728,PARQUE CHACABUCO,7,DE LAS CIENCIAS ,953,,"CONSEJO DE LOS DERECHOS DE LOS NIÑOS, NIÑAS Y ADOLESCENTES",,,1424,C1424BAA
-58.4408435026518,-34.6319155418728,PARQUE CHACABUCO,7,DE LAS CIENCIAS ,953,,MINISTERIO DE HACIENDA,AGIP,DG RENTAS,1424,C1424BAA
-58.4408435026518,-34.6319155418728,PARQUE CHACABUCO,7,DE LAS CIENCIAS ,953,,MINISTERIO DE JUSTICIA Y SEGURIDAD,SS DE ADMINIST DE LA POLICIA METROPOLITANA,,1424,C1424BAA
-58.4408435026518,-34.6319155418728,PARQUE CHACABUCO,7,DE LAS CIENCIAS ,953,,SECRETARIA DE GESTION COMUNAL Y ATENCION CIUDADANA,SS DESCENTRALIZACION Y PARTICIPACION CIUDADANA,,1424,C1424BAA
-58.4272735428613,-34.6285355546066,PARQUE CHACABUCO,7,ZUVIRIA ,60,,"MINISTERIO DE MODERNIZACION, INNOVACION Y TECNOLOGIA",AGENCIA DE SISTEMAS DE INFORMACION,,1424,C1424CKB
-58.4272735428613,-34.6285355546066,PARQUE CHACABUCO,7,ZUVIRIA ,60,,"MINISTERIO DE MODERNIZACION, INNOVACION Y TECNOLOGIA",INSTITUTO SUPERIOR DE LA CARRERA,,1424,C1424CKB
-58.4272135374028,-34.6085556144073,ALMAGRO,5,"DIAZ VELEZ, Av. ",4263,,MINISTERIO DE EDUCACION,SS DE GESTION ECONOMICO FINANCIERA Y AD. DE RECURSOS,DG INFRAESTRUCTURA ESCOLAR,1200,C1200AAJ
-58.4188635600367,-34.5989556447588,ALMAGRO,5,"SALGUERO, JERONIMO ",979,,MINISTERIO DE HABITAT Y DESARROLLO HUMANO,SS DE FORTALECIMIENTO FAMILIAR Y COMUNITARIO,DG CIUDADANIA PORTEÑA,1177,C1177AEQ
-58.4325735204451,-34.606005620983,CABALLITO,6,"PATRICIAS  ARGENTINAS, Av. ",275,,JEFATURA DE GABINETE DE MINISTROS,SUBSEC DESCENTRALIZACION,COMUNA 12,1405,C1405BWC
-58.43300351872,-34.6043656257674,CABALLITO,6,"MACHADO, ANTONIO ",94,,JEFATURA DE GABINETE DE MINISTROS,SS TRANSPORTE,DG TRANSITO,1405,C1405DHB
-58.3937536431228,-34.6237355754412,SAN CRISTOBAL,3,SARANDI ,1273,,JEFATURA DE GABINETE DE MINISTROS,SUBSEC DESCENTRALIZACION,COMUNA 3,1251,C1251ADA
-58.4103035937959,-34.626575563744,SAN CRISTOBAL,3, DE NOVIEMBRE ,24,,SECRETARIA DE GESTION COMUNAL Y ATENCION CIUDADANA,,,1170,C1170AAB
-58.4119935872411,-34.621705578034,SAN CRISTOBAL,3,ESTADOS UNIDOS ,3275,,MINISTERIO DE JUSTICIA Y SEGURIDAD,SS DE EMERGENCIAS,DG DEFENSA CIVIL,1228,C1228ABE
-58.4122035826435,-34.6076656199902,BALVANERA,3,"PERON, JUAN DOMINGO, Tte. Gral. ",3227,,MINISTERIO DE HACIENDA,AGIP,DG ESTADISTICAS Y CENSOS,1198,C1198AAI
-58.4080835951221,-34.607455621341,BALVANERA,3,"PERON, JUAN DOMINGO, Tte. Gral. ",2929,,MINISTERIO DE JUSTICIA Y SEGURIDAD,AGENCIA GUBERNAMENTAL DE CONTROL,,1198,C1198AAC
-58.4080835951221,-34.607455621341,BALVANERA,3,"PERON, JUAN DOMINGO, Tte. Gral. ",2929,,MINISTERIO DE JUSTICIA Y SEGURIDAD,AGENCIA GUBERNAMENTAL DE CONTROL,DG DE FISCALIZACION Y CONTROL,1198,C1198AAC
-58.4080835951221,-34.607455621341,BALVANERA,3,"PERON, JUAN DOMINGO, Tte. Gral. ",2929,,MINISTERIO DE JUSTICIA Y SEGURIDAD,AGENCIA GUBERNAMENTAL DE CONTROL,DG DE FISCALIZACION Y CONTROL DE OBRAS,1198,C1198AAC
-58.4080835951221,-34.607455621341,BALVANERA,3,"PERON, JUAN DOMINGO, Tte. Gral. ",2929,,MINISTERIO DE JUSTICIA Y SEGURIDAD,AGENCIA GUBERNAMENTAL DE CONTROL,DG DE HABILTACIONES Y PERMISOS,1198,C1198AAC
-58.4080835951221,-34.607455621341,BALVANERA,3,"PERON, JUAN DOMINGO, Tte. Gral. ",2929,,MINISTERIO DE JUSTICIA Y SEGURIDAD,AGENCIA GUBERNAMENTAL DE CONTROL,DG DE HIGIENE Y SEGURIDAD ALIMENTARIA,1198,C1198AAC
-58.4080835951221,-34.607455621341,BALVANERA,3,"PERON, JUAN DOMINGO, Tte. Gral. ",2929,,MINISTERIO DE JUSTICIA Y SEGURIDAD,AGENCIA GUBERNAMENTAL DE CONTROL,JEFATURA DE GABINETE,1198,C1198AAC
-58.4080835951221,-34.607455621341,BALVANERA,3,"PERON, JUAN DOMINGO, Tte. Gral. ",2929,,MINISTERIO DE JUSTICIA Y SEGURIDAD,AGENCIA GUBERNAMENTAL DE CONTROL,SISTEMAS INFORMATICOS Y PROCESOS,1198,C1198AAC
-58.4080835951221,-34.607455621341,BALVANERA,3,"PERON, JUAN DOMINGO, Tte. Gral. ",2929,,MINISTERIO DE JUSTICIA Y SEGURIDAD,SS DE ADMINIST DE LA POLICIA METROPOLITANA,DG ADMIN Y LEGAL DE LA POLICIA METROPOLITANA,1198,C1198AAC
-58.4074435970111,-34.6075356212569,BALVANERA,3,"PERON, JUAN DOMINGO, Tte. Gral. ",2869,,MINISTERIO DE JUSTICIA Y SEGURIDAD,SS DE ADMINIST DE LA POLICIA METROPOLITANA,DG DE INFRAESTRUCTURA DE LA POLICIA METROPOLITANA,1198,C1198AAA
-58.4120335867349,-34.6204455817876,BALVANERA,3,"INDEPENDENCIA, Av. ",3277,,MINISTERIO DE AMBIENTE Y ESPACIO PUBLICO,SS MANTENIMIENTO DEL ESPACIO PUBLICO,,1225,C1225ABB
-58.4120335867349,-34.6204455817876,BALVANERA,3,"INDEPENDENCIA, Av. ",3277,,MINISTERIO DE AMBIENTE Y ESPACIO PUBLICO,SS MANTENIMIENTO DEL ESPACIO PUBLICO,ENTE DE MANTENIMIENTO URBANO INTEGRAL,1225,C1225ABB
-58.4119535859581,-34.6165455934483,BALVANERA,3,VENEZUELA ,3251,,MINISTERIO DE AMBIENTE Y ESPACIO PUBLICO,SS MANTENIMIENTO DEL ESPACIO PUBLICO,DG ARBOLADO,1211,C1211AAK
-58.3968636278237,-34.6028456373428,BALVANERA,3,JUNIN ,527,,JEFATURA DE GABINETE DE MINISTROS,SUBSEC DESCENTRALIZACION,COMUNA 2,1026,C1026ABK
-58.3968536278514,-34.6029156371506,BALVANERA,3,JUNIN ,521,,JEFATURA DE GABINETE DE MINISTROS,SUBSEC DESCENTRALIZACION,COMUNA 3,1026,C1026ABK
-58.3968536278514,-34.6029156371506,BALVANERA,3,JUNIN ,521,,MINISTERIO DE HABITAT Y DESARROLLO HUMANO,SS DE PROMOCION SOCIAL,DG MUJER,1026,C1026ABK
-58.3968536278514,-34.6029156371506,BALVANERA,3,JUNIN ,521,,MINISTERIO DE JUSTICIA Y SEGURIDAD,SS DE PREVENCION DEL DELITO Y RELACION CON LA COMUNIDAD,DG POLITICAS DE PREVENCION DEL DELITO,1026,C1026ABK
-58.3772236930691,-34.6231755803013,CONSTITUCION,1,PIEDRAS ,1277,,MINISTERIO DE HABITAT Y DESARROLLO HUMANO,SS DE FORTALECIMIENTO FAMILIAR Y COMUNITARIO,,1140,C1140ABA
-58.3772236930691,-34.6231755803013,CONSTITUCION,1,PIEDRAS ,1277,,MINISTERIO DE HABITAT Y DESARROLLO HUMANO,SS DE PROMOCION SOCIAL,DG FORTALECIMIENTO DE LA SOC. CIVIL,1140,C1140ABA
-58.3772236930691,-34.6231755803013,CONSTITUCION,1,PIEDRAS ,1277,,MINISTERIO DE HABITAT Y DESARROLLO HUMANO,SS DE PROMOCION SOCIAL,DG MUJER,1140,C1140ABA
-58.3772236930691,-34.6231755803013,CONSTITUCION,1,PIEDRAS ,1277,,MINISTERIO DE HABITAT Y DESARROLLO HUMANO,SS DE PROMOCION SOCIAL,DG NIÑEZ Y ADOLESCENCIA,1140,C1140ABA
-58.3772236930691,-34.6231755803013,CONSTITUCION,1,PIEDRAS ,1277,,MINISTERIO DE HABITAT Y DESARROLLO HUMANO,SS DE PROMOCION SOCIAL,DG POLITICAS SOCIALES Y ADICCIONES,1140,C1140ABA
-58.3772236930691,-34.6231755803013,CONSTITUCION,1,PIEDRAS ,1277,,MINISTERIO DE HABITAT Y DESARROLLO HUMANO,SS DE PROMOCION SOCIAL,DG SERVICIOS SOCIALES ZONALES,1140,C1140ABA
-58.3772236930691,-34.6231755803013,CONSTITUCION,1,PIEDRAS ,1277,,"MINISTERIO DE MODERNIZACION, INNOVACION Y TECNOLOGIA",SS DE DEPORTES,,1140,C1140ABA
-58.376523695608,-34.6248455755165,SAN TELMO,1,"GARAY, JUAN de, Av. ",759,,MINISTERIO DE HABITAT Y DESARROLLO HUMANO,SS TERCERA EDAD,DG PROMOCION Y SERVICIOS,1153,C1153ABF
-58.3768536941119,-34.6227555816921,SAN TELMO,1,PIEDRAS ,1254,,MINISTERIO DE DESARROLLO URBANO Y TRANSPORTE,AUSA,,1140,C1140ABB
-58.3768336941162,-34.6228055815406,SAN TELMO,1,PIEDRAS ,1260,,MINISTERIO DE DESARROLLO URBANO Y TRANSPORTE,AUSA,,1140,C1140ABB
-58.3768336941162,-34.6228055815406,SAN TELMO,1,PIEDRAS ,1260,,MINISTERIO DE DESARROLLO URBANO Y TRANSPORTE,SS DE PROYECTOS DE URBANISMO ARQUITECTURA E INFRAESTRUCTURA,DG DE OBRAS DE ARQUITECTURA,1140,C1140ABB
-58.3768336941162,-34.6228055815406,SAN TELMO,1,PIEDRAS ,1260,,MINISTERIO DE DESARROLLO URBANO Y TRANSPORTE,SS DE PROYECTOS DE URBANISMO ARQUITECTURA E INFRAESTRUCTURA,DG DE OBRAS DE INGENIERIA,1140,C1140ABB
-58.3770136936889,-34.6231055806253,SAN TELMO,1,PIEDRAS ,1274,,MINISTERIO DE DESARROLLO URBANO Y TRANSPORTE,SS DE PROYECTOS DE URBANISMO ARQUITECTURA E INFRAESTRUCTURA,DG DE OBRAS DE ARQUITECTURA,1140,C1140ABB
-58.375673697739,-34.6231055808625,SAN TELMO,1,CHACABUCO ,1281,,MINISTERIO DE DESARROLLO URBANO Y TRANSPORTE,AUSA,,1140,C1140AAA
-58.3756936975677,-34.6228255816859,SAN TELMO,1,CHACABUCO ,1257,,MINISTERIO DE DESARROLLO URBANO Y TRANSPORTE,SS DE PROYECTOS DE URBANISMO ARQUITECTURA E INFRAESTRUCTURA,DG DE OBRAS DE ARQUITECTURA,1140,C1140AAA
-58.3770336935795,-34.6229155811932,SAN TELMO,1,PIEDRAS ,1266,,MINISTERIO DE DESARROLLO URBANO Y TRANSPORTE,SS DE PROYECTOS DE URBANISMO ARQUITECTURA E INFRAESTRUCTURA,DG DE OBRAS DE ARQUITECTURA,1140,C1140ABB
-58.3770236936321,-34.6230155808334,SAN TELMO,1,PIEDRAS ,1272,,MINISTERIO DE DESARROLLO URBANO Y TRANSPORTE,SS DE PROYECTOS DE URBANISMO ARQUITECTURA E INFRAESTRUCTURA,DG DE OBRAS DE ARQUITECTURA,1140,C1140ABB
-58.3764836952943,-34.6231155806777,SAN TELMO,1,COCHABAMBA ,755,,MINISTERIO DE DESARROLLO URBANO Y TRANSPORTE,SS DE PROYECTOS DE URBANISMO ARQUITECTURA E INFRAESTRUCTURA,DG DE OBRAS DE ARQUITECTURA,1150,C1150AAK
-58.376403695533,-34.6231155806296,SAN TELMO,1,COCHABAMBA ,753,,MINISTERIO DE DESARROLLO URBANO Y TRANSPORTE,SS DE PROYECTOS DE URBANISMO ARQUITECTURA E INFRAESTRUCTURA,DG DE OBRAS DE ARQUITECTURA,1150,C1150AAK
-58.3756836976704,-34.6229655812312,SAN TELMO,1,CHACABUCO ,1271,,MINISTERIO DE DESARROLLO URBANO Y TRANSPORTE,SS DE PROYECTOS DE URBANISMO ARQUITECTURA E INFRAESTRUCTURA,DG DE OBRAS DE ARQUITECTURA,1140,C1140AAA
-58.3759636967848,-34.622745581836,SAN TELMO,1,CHACABUCO ,1255,,MINISTERIO DE DESARROLLO URBANO Y TRANSPORTE,SS DE PROYECTOS DE URBANISMO ARQUITECTURA E INFRAESTRUCTURA,DG DE OBRAS DE ARQUITECTURA,1140,C1140AAA
-58.3694637162693,-34.6219655854726,SAN TELMO,1,"SAN JUAN, Av. ",250,Piso:PB Depto:2,MINISTERIO DE EDUCACION,SS DE GESTION ECONOMICO FINANCIERA Y AD. DE RECURSOS,DG INFRAESTRUCTURA ESCOLAR,1147,C1147AAN
-58.3694637162693,-34.6219655854726,SAN TELMO,1,"SAN JUAN, Av. ",250,Piso:PB Depto:2,MINISTERIO DE EDUCACION,SS POLITICAS EDUCATIVAS Y CARRERA DOCENTE,DG CARRERA DOCENTE,1147,C1147AAN
-58.3679337213334,-34.6234655812326,SAN TELMO,1,"PASEO COLON, Av. ",1366,,MINISTERIO DE HABITAT Y DESARROLLO HUMANO,SS DE PROMOCION SOCIAL,DG NIÑEZ Y ADOLESCENCIA,1063,C1063ADN
-58.3663737254555,-34.6213955877318,SAN TELMO,1,"HUERGO, Ing., Av. ",1197,,JEFATURA DE GABINETE DE MINISTROS,SS DERECHOS HUMANOS Y PLURALISMO CULTURAL,INSTITUTO DE ESPACIO PARA LA MEMORIA,1107,C1107AOL
-58.3663737254555,-34.6213955877318,SAN TELMO,1,"HUERGO, Ing., Av. ",1197,,JEFATURA DE GABINETE DE MINISTROS,SS TRANSPORTE,DG TRANSITO,1107,C1107AOL
-58.3662837257069,-34.6211955883671,SAN TELMO,1,"HUERGO, Ing., Av. ",1179,Piso:PB Depto:1,"MINISTERIO DE MODERNIZACION, INNOVACION Y TECNOLOGIA",SS DESARROLLO INCLUSIVO,COPIDIS,1107,C1107AOL
-58.3662837257069,-34.6211955883671,SAN TELMO,1,"HUERGO, Ing., Av. ",1179,Piso:PB Depto:1,MINISTERIO DE SALUD,SS DE ATENCION INTEGRADA DE SALUD,DG DE REDES Y PROGRAMAS DE SALUD,1107,C1107AOL
-58.3662837257069,-34.6211955883671,SAN TELMO,1,"HUERGO, Ing., Av. ",1179,Piso:PB Depto:2,"MINISTERIO DE MODERNIZACION, INNOVACION Y TECNOLOGIA",SS DESARROLLO INCLUSIVO,COPIDIS,1107,C1107AOL
-58.3662837257069,-34.6211955883671,SAN TELMO,1,"HUERGO, Ing., Av. ",1179,Piso:PB Depto:2,MINISTERIO DE SALUD,SS DE ATENCION INTEGRADA DE SALUD,DG DE REDES Y PROGRAMAS DE SALUD,1107,C1107AOL
-58.3662837257069,-34.6211955883671,SAN TELMO,1,"HUERGO, Ing., Av. ",1179,Piso:5 Depto:W,MINISTERIO DE HACIENDA,,,1107,C1107AOL
-58.3665837239692,-34.6184755964375,SAN TELMO,1,"HUERGO, Ing., Av. ",921,,JEFATURA DE GABINETE DE MINISTROS,SS ASUNTOS PUBLICOS,DG COORD. DE GESTION POLITICA Y RELACIONES INSTITUCIONALES,1107,C1107AOJ
-58.3665837239692,-34.6184755964375,SAN TELMO,1,"HUERGO, Ing., Av. ",921,,MINISTERIO DE AMBIENTE Y ESPACIO PUBLICO,,,1107,C1107AOJ
-58.3665837239692,-34.6184755964375,SAN TELMO,1,"HUERGO, Ing., Av. ",921,,MINISTERIO DE AMBIENTE Y ESPACIO PUBLICO,SS DE HIGIENE URBANA,DG LIMPIEZA,1107,C1107AOJ
-58.3665837239692,-34.6184755964375,SAN TELMO,1,"HUERGO, Ing., Av. ",921,,MINISTERIO DE AMBIENTE Y ESPACIO PUBLICO,SS DE USO DEL ESPACIO PUBLICO,DG INSPECCION DEL USO DEL ESPACIO PUBLICO,1107,C1107AOJ
-58.3665837239692,-34.6184755964375,SAN TELMO,1,"HUERGO, Ing., Av. ",921,,MINISTERIO DE AMBIENTE Y ESPACIO PUBLICO,SS MANTENIMIENTO DEL ESPACIO PUBLICO,DG ARBOLADO,1107,C1107AOJ
-58.3665837239692,-34.6184755964375,SAN TELMO,1,"HUERGO, Ing., Av. ",921,,MINISTERIO DE AMBIENTE Y ESPACIO PUBLICO,SS MANTENIMIENTO DEL ESPACIO PUBLICO,ENTE DE MANTENIMIENTO URBANO INTEGRAL,1107,C1107AOJ
-58.3908636525769,-34.6261255688728,CONSTITUCION,1,PAVON ,1765,,MINISTERIO DE HABITAT Y DESARROLLO HUMANO,SS DE FORTALECIMIENTO FAMILIAR Y COMUNITARIO,,1151,C1151ABM
-58.3908636525769,-34.6261255688728,CONSTITUCION,1,PAVON ,1765,,MINISTERIO DE HABITAT Y DESARROLLO HUMANO,SS DE FORTALECIMIENTO FAMILIAR Y COMUNITARIO,DG ATENCION INMEDIATA,1151,C1151ABM
-58.3881636601071,-34.6237455765112,CONSTITUCION,1,COCHABAMBA ,1577,,MINISTERIO DE HABITAT Y DESARROLLO HUMANO,SS DE FORTALECIMIENTO FAMILIAR Y COMUNITARIO,DG ATENCION INMEDIATA,1148,C1148ABC
-58.3880736602966,-34.623735576537,CONSTITUCION,1,COCHABAMBA ,1571,,JEFATURA DE GABINETE DE MINISTROS,SS TRANSPORTE,DG CUERPOS DE AGENTES DE CONTROL DE TRANSITO Y EL TRANSPORTE,1148,C1148ABC
-58.3880736602966,-34.623735576537,CONSTITUCION,1,COCHABAMBA ,1571,,JEFATURA DE GABINETE DE MINISTROS,SS TRANSPORTE,DG TRANSITO,1148,C1148ABC
-58.3879736606268,-34.6237255765909,CONSTITUCION,1,COCHABAMBA ,1569,,JEFATURA DE GABINETE DE MINISTROS,SS TRANSPORTE,,1148,C1148ABC
-58.3850136692619,-34.6224855808764,CONSTITUCION,1,"SAN JUAN, Av. ",1340,,MINISTERIO DE HACIENDA,AGIP,DG ESTADISTICAS Y CENSOS,1148,C1148AAO
-58.3850936689701,-34.6224855808663,CONSTITUCION,1,"SAN JUAN, Av. ",1350,,MINISTERIO DE HACIENDA,AGIP,DG ESTADISTICAS Y CENSOS,1148,C1148AAO
-58.3834236730133,-34.6186755925904,CONSTITUCION,1,ESTADOS UNIDOS ,1228,,MINISTERIO DE EDUCACION,SS DE GESTION ECONOMICO FINANCIERA Y AD. DE RECURSOS,,1101,C1101AAZ
-58.3834236730133,-34.6186755925904,CONSTITUCION,1,ESTADOS UNIDOS ,1228,,MINISTERIO DE EDUCACION,SS DE GESTION ECONOMICO FINANCIERA Y AD. DE RECURSOS,DG ADMINISTRACION DE MANTENIMIENTO,1101,C1101AAZ
-58.3834236730133,-34.6186755925904,CONSTITUCION,1,ESTADOS UNIDOS ,1228,,MINISTERIO DE EDUCACION,SS DE GESTION ECONOMICO FINANCIERA Y AD. DE RECURSOS,DG INFRAESTRUCTURA ESCOLAR,1101,C1101AAZ
-58.3835636725634,-34.6186755925332,CONSTITUCION,1,ESTADOS UNIDOS ,1236,,MINISTERIO DE EDUCACION,SS DE GESTION ECONOMICO FINANCIERA Y AD. DE RECURSOS,DG INFRAESTRUCTURA ESCOLAR,1101,C1101AAZ
-58.3819536791551,-34.6245155754107,CONSTITUCION,1,COCHABAMBA ,1130,,MINISTERIO DE EDUCACION,SS POLITICAS EDUCATIVAS Y CARRERA DOCENTE,DG CARRERA DOCENTE,1150,C1150AAT
-58.3794136862121,-34.6223755823296,CONSTITUCION,1,"IRIGOYEN, BERNARDO de ",1202,,MINISTERIO DE JUSTICIA Y SEGURIDAD,SS DE EMERGENCIAS,DG DE GUARDIA DE AUXILIO Y EMERGENCIAS,1138,C1138ABB
-58.3794436863094,-34.6229255806781,CONSTITUCION,1,"IRIGOYEN, BERNARDO de ",1270,,MINISTERIO DE JUSTICIA Y SEGURIDAD,SS DE EMERGENCIAS,DG DE GUARDIA DE AUXILIO Y EMERGENCIAS,1138,C1138ABB
-58.3781336876917,-34.6141056072449,MONSERRAT,1,VENEZUELA ,842,,DEFENSORIA DEL PUEBLO,,,1095,C1095AAR
-58.3782536870944,-34.6130356104396,MONSERRAT,1,"BELGRANO, Av. ",836,Piso:1º,MINISTERIO DE HABITAT Y DESARROLLO HUMANO,SS TERCERA EDAD,DG PROMOCION Y SERVICIOS,1092,C1092AAV
-58.3782536870944,-34.6130356104396,MONSERRAT,1,"BELGRANO, Av. ",836,Piso:1º,MINISTERIO DE HACIENDA,SS DE GESTION Y ADM. FINANCIERA,DG CONTADURIA,1092,C1092AAV
-58.3782536870944,-34.6130356104396,MONSERRAT,1,"BELGRANO, Av. ",836,Piso:1º,MINISTERIO DE HACIENDA,SS DE GESTION Y ADM. FINANCIERA,DG TESORERIA,1092,C1092AAV
-58.3790636837586,-34.6100056193299,MONSERRAT,1,TACUARI ,138,,CONSEJO DE LA MAGISTRATURA DE LA CABA,,,1071,C1071AAD
-58.3790136837873,-34.6095856206144,MONSERRAT,1,"YRIGOYEN, HIPOLITO ",888,"Piso:5°, SS; TACUARI 104/114/118",MINISTERIO DE JUSTICIA Y SEGURIDAD,REGISTRO DE VERIFICACION DE AUTOPARTES,,1086,C1086AAN
-58.3749936980567,-34.6171455987893,SAN TELMO,1,"INDEPENDENCIA, Av. ",629,,"MINISTERIO DE MODERNIZACION, INNOVACION Y TECNOLOGIA",AGENCIA DE SISTEMAS DE INFORMACION,,1099,C1099AAG
-58.3749936980567,-34.6171455987893,SAN TELMO,1,"INDEPENDENCIA, Av. ",629,,"MINISTERIO DE MODERNIZACION, INNOVACION Y TECNOLOGIA",AGENCIA DE SISTEMAS DE INFORMACION,COORDINACION GRAL DE GESTION DE PROYECTOS,1099,C1099AAG
-58.3749936980567,-34.6171455987893,SAN TELMO,1,"INDEPENDENCIA, Av. ",629,,"MINISTERIO DE MODERNIZACION, INNOVACION Y TECNOLOGIA",AGENCIA DE SISTEMAS DE INFORMACION,DG DE GOBIERNO ELECTRONICO,1099,C1099AAG
-58.3749936980567,-34.6171455987893,SAN TELMO,1,"INDEPENDENCIA, Av. ",629,,"MINISTERIO DE MODERNIZACION, INNOVACION Y TECNOLOGIA",AGENCIA DE SISTEMAS DE INFORMACION,DG INSFRAESTRUCTURA,1099,C1099AAG
-58.3762336922198,-34.6096456210296,MONSERRAT,1,CHACABUCO ,132,Piso:1-5 Piso,MINISTERIO DE JUSTICIA Y SEGURIDAD,SS DE JUSTICIA,DG ELECTORAL,1069,C1069AAD
-58.3762336922198,-34.6096456210296,MONSERRAT,1,CHACABUCO ,132,Piso:1-5 Piso,MINISTERIO DE JUSTICIA Y SEGURIDAD,SS DE JUSTICIA,DG JUSTICIA  REGISTRO  Y MEDIACION,1069,C1069AAD
-58.3752136948514,-34.6081556256513,MONSERRAT,1,"RIVADAVIA, Av. ",602,"Piso:2°,5°,8; PERU 7",MINISTERIO DE GOBIERNO,,,1002,C1002AAR
-58.3752136948514,-34.6081556256513,MONSERRAT,1,"RIVADAVIA, Av. ",602,"Piso:2°,5°,8; PERU 7",MINISTERIO DE GOBIERNO,SS ASUNTOS POLITICOS,,1002,C1002AAR
-58.3752136948514,-34.6081556256513,MONSERRAT,1,"RIVADAVIA, Av. ",602,"Piso:2°,5°,8; PERU 7",MINISTERIO DE GOBIERNO,SS GOBIERNO,,1002,C1002AAR
-58.3752136948514,-34.6081556256513,MONSERRAT,1,"RIVADAVIA, Av. ",602,"Piso:2°,5°,8; PERU 7",MINISTERIO DE GOBIERNO,UPE CUENCA MATANZA- RIACHUELO,,1002,C1002AAR
-58.3752136948514,-34.6081556256513,MONSERRAT,1,"RIVADAVIA, Av. ",602,"Piso:2°,5°,8; PERU 7",VICEJEFATURA DE GOBIERNO,SECRETARIA DE DESARROLLO CIUDADANO,DG DESARROLLO SALUDABLE,1002,C1002AAR
-58.3752136948514,-34.6081556256513,MONSERRAT,1,"RIVADAVIA, Av. ",602,"Piso:2°,5°,8; PERU 7",VICEJEFATURA DE GOBIERNO,SECRETARIA DE DESARROLLO CIUDADANO,DG POLITICAS DE JUVENTUD,1002,C1002AAR
-58.3750836953849,-34.6084156248972,MONSERRAT,1,"DE MAYO, Av. ",601,Piso:8 Depto:A,SECRETARIA DE GESTION COMUNAL Y ATENCION CIUDADANA,SS ESPACIO PUBLICO COMUNAL,DG COORD DEL MANTENIMIENTO DEL ESPACIO PUBLICO COMUNAL,1084,C1084AAB
-58.3746436977769,-34.6122756134812,MONSERRAT,1,PERU ,354,,MINISTERIO DE AMBIENTE Y ESPACIO PUBLICO,SS DE HIGIENE URBANA,DG LIMPIEZA,1067,C1067AAH
-58.3746436977769,-34.6122756134812,MONSERRAT,1,PERU ,354,,MINISTERIO DE CULTURA,SS PATRIMONIO CULTURAL,DG ENSEÑANZA ARTISTICA,1067,C1067AAH
-58.3746436977769,-34.6122756134812,MONSERRAT,1,PERU ,354,,MINISTERIO DE HACIENDA,SS DE GESTION Y ADM. FINANCIERA,DG CONTADURIA,1067,C1067AAH
-58.3739536986675,-34.608035626239,MONSERRAT,1,"RIVADAVIA, Av. ",524,,JEFATURA DE GABINETE DE MINISTROS,,,1002,C1002AAQ
-58.3739536986675,-34.608035626239,MONSERRAT,1,"RIVADAVIA, Av. ",524,,JEFE DE GOBIERNO,,,1002,C1002AAQ
-58.3739536986675,-34.608035626239,MONSERRAT,1,"RIVADAVIA, Av. ",524,,MINISTERIO DE HACIENDA,,,1002,C1002AAQ
-58.3739536986675,-34.608035626239,MONSERRAT,1,"RIVADAVIA, Av. ",524,,MINISTERIO DE HACIENDA,SS GESTION OPERATIVA,DG REDETERMINACION DE PRECIOS,1002,C1002AAQ
-58.3739536986675,-34.608035626239,MONSERRAT,1,"RIVADAVIA, Av. ",524,,MINISTERIO DE JUSTICIA Y SEGURIDAD,SS DE ADMINIST DE LA POLICIA METROPOLITANA,,1002,C1002AAQ
-58.3739536986675,-34.608035626239,MONSERRAT,1,"RIVADAVIA, Av. ",524,,MINISTERIO DE JUSTICIA Y SEGURIDAD,SUBJEFATURA DE POLICIA METROPOLITANA,,1002,C1002AAQ
-58.3739536986675,-34.608035626239,MONSERRAT,1,"RIVADAVIA, Av. ",524,,"MINISTERIO DE MODERNIZACION, INNOVACION Y TECNOLOGIA",SS DE GESTION DE RRHH,DG ADMINISTRACION DE MEDICINA DEL TRABAJO,1002,C1002AAQ
-58.3739536986675,-34.608035626239,MONSERRAT,1,"RIVADAVIA, Av. ",524,,SECRETARIA DE COMUNICACION SOCIAL,,,1002,C1002AAQ
-58.3739536986675,-34.608035626239,MONSERRAT,1,"RIVADAVIA, Av. ",524,,SECRETARIA DE MEDIOS,,,1002,C1002AAQ
-58.3739536986675,-34.608035626239,MONSERRAT,1,"RIVADAVIA, Av. ",524,,SECRETARIA DE MEDIOS,SS MEDIOS Y DE PRENSA,,1002,C1002AAQ
-58.3739536986675,-34.608035626239,MONSERRAT,1,"RIVADAVIA, Av. ",524,,SECRETARIA GENERAL,,,1002,C1002AAQ
-58.3739536986675,-34.608035626239,MONSERRAT,1,"RIVADAVIA, Av. ",524,,SECRETARIA GENERAL,SS DE CONTENIDOS,DG DE CONTENIDOS,1002,C1002AAQ
-58.3739536986675,-34.608035626239,MONSERRAT,1,"RIVADAVIA, Av. ",524,,SECRETARIA GENERAL,SS RELACIONES INTERNACIONALES E INSTITUCIONALES,,1002,C1002AAQ
-58.3739536986675,-34.608035626239,MONSERRAT,1,"RIVADAVIA, Av. ",524,,SECRETARIA LEGAL Y TECNICA,,,1002,C1002AAQ
-58.3739536986675,-34.608035626239,MONSERRAT,1,"RIVADAVIA, Av. ",524,,SECRETARIA LEGAL Y TECNICA,DG MESA DE ENTRADA Y SALIDA DE ARCHIVOS,,1002,C1002AAQ
-58.3739536986675,-34.608035626239,MONSERRAT,1,"RIVADAVIA, Av. ",524,,SECRETARIA LEGAL Y TECNICA,DG TECNICA Y ADMINISTRATIVA,,1002,C1002AAQ
-58.3739536986675,-34.608035626239,MONSERRAT,1,"RIVADAVIA, Av. ",524,,VICEJEFATURA DE GOBIERNO,,,1002,C1002AAQ
-58.3739536986675,-34.608035626239,MONSERRAT,1,"RIVADAVIA, Av. ",524,,VICEJEFATURA DE GOBIERNO,SECRETARIA DE DESARROLLO CIUDADANO,,1002,C1002AAQ
-58.3740436984214,-34.6080356262247,MONSERRAT,1,"RIVADAVIA, Av. ",530,,MINISTERIO DE HACIENDA,SS DE GESTION Y ADM. FINANCIERA,DG OF. GESTION  PUBLICA Y PRESUP.,1002,C1002AAQ
-58.3744236973052,-34.6082356255685,MONSERRAT,1,"RIVADAVIA, Av. ",552,Piso:4º,AUDITORIA GRAL DE LA CIUDAD DE BUENOS AIRES,,,1002,C1002AAQ
-58.3744236973052,-34.6082356255685,MONSERRAT,1,"RIVADAVIA, Av. ",552,Piso:4º,MINISTERIO DE CULTURA,,,1002,C1002AAQ
-58.3744236973052,-34.6082356255685,MONSERRAT,1,"RIVADAVIA, Av. ",552,Piso:4º,MINISTERIO DE CULTURA,,DG TECNICA ADM Y LEGAL,1002,C1002AAQ
-58.3744236973052,-34.6082356255685,MONSERRAT,1,"RIVADAVIA, Av. ",552,Piso:4º,MINISTERIO DE CULTURA,SS GESTION CULTURAL,DG PROMOCION CULTURAL,1002,C1002AAQ
-58.3744236973052,-34.6082356255685,MONSERRAT,1,"RIVADAVIA, Av. ",552,Piso:4º,MINISTERIO DE CULTURA,SS GESTION CULTURAL,DG RELACIONES INSTITUCIONALES Y CON LA COMUNIDAD,1002,C1002AAQ
-58.3744236973052,-34.6082356255685,MONSERRAT,1,"RIVADAVIA, Av. ",552,Piso:4º,MINISTERIO DE CULTURA,SS PATRIMONIO CULTURAL,,1002,C1002AAQ
-58.3744236973052,-34.6082356255685,MONSERRAT,1,"RIVADAVIA, Av. ",552,Piso:4º,MINISTERIO DE CULTURA,SS PATRIMONIO CULTURAL,DG CASCO HISTORICO,1002,C1002AAQ
-58.3744236973052,-34.6082356255685,MONSERRAT,1,"RIVADAVIA, Av. ",552,Piso:4º,MINISTERIO DE CULTURA,SS PATRIMONIO CULTURAL,"DG DEL LIBRO, BIBLIOTECAS Y PROM DE LA LECTURA",1002,C1002AAQ
-58.3744236973052,-34.6082356255685,MONSERRAT,1,"RIVADAVIA, Av. ",552,Piso:4º,MINISTERIO DE CULTURA,SS PATRIMONIO CULTURAL,DG INFRAESTRUCTURA Y MANTENIMIENTO EDILICIO,1002,C1002AAQ
-58.3744236973052,-34.6082356255685,MONSERRAT,1,"RIVADAVIA, Av. ",552,Piso:4º,MINISTERIO DE CULTURA,SS PATRIMONIO CULTURAL,DG MUSEOS,1002,C1002AAQ
-58.3744236973052,-34.6082356255685,MONSERRAT,1,"RIVADAVIA, Av. ",552,Piso:4º,MINISTERIO DE HACIENDA,SS DE GESTION Y ADM. FINANCIERA,DG CONTADURIA,1002,C1002AAQ
-58.3744236973052,-34.6082356255685,MONSERRAT,1,"RIVADAVIA, Av. ",552,Piso:4º,"MINISTERIO DE MODERNIZACION, INNOVACION Y TECNOLOGIA",,,1002,C1002AAQ
-58.3744236973052,-34.6082356255685,MONSERRAT,1,"RIVADAVIA, Av. ",552,Piso:4º,"MINISTERIO DE MODERNIZACION, INNOVACION Y TECNOLOGIA",DG CONCESIONES,,1002,C1002AAQ
-58.3744236973052,-34.6082356255685,MONSERRAT,1,"RIVADAVIA, Av. ",552,Piso:4º,MINISTERIO DE SALUD,SS DE ADMINISTRACIÓN DEL SISTEMA DE SALUD,UNIDAD CENTRALIZADA DE ADQUISICIONES DE SALUD,1002,C1002AAQ
-58.3744236973052,-34.6082356255685,MONSERRAT,1,"RIVADAVIA, Av. ",552,Piso:4º,SECRETARIA DE MEDIOS,SS MEDIOS Y DE PRENSA,DG COORD DE PRENSA,1002,C1002AAQ
-58.3744236973052,-34.6082356255685,MONSERRAT,1,"RIVADAVIA, Av. ",552,Piso:4º,SECRETARIA GENERAL,SS DE CONTENIDOS,"UNIDAD DE PROYECTOS ESPECIALES, OPINION PUBLICA Y COMUNIC DIRECTA",1002,C1002AAQ
-58.3744236973052,-34.6082356255685,MONSERRAT,1,"RIVADAVIA, Av. ",552,Piso:4º,SECRETARIA GENERAL,SS RELACIONES INTERNACIONALES E INSTITUCIONALES,,1002,C1002AAQ
-58.3747636963095,-34.6084256249591,MONSERRAT,1,"DE MAYO, Av. ",589,Piso:1 a 7,JEFATURA DE GABINETE DE MINISTROS,SS PLANEAMIENTO Y CONTROL DE GESTION,,1084,C1084AAA
-58.3747636963095,-34.6084256249591,MONSERRAT,1,"DE MAYO, Av. ",589,Piso:1 a 7,MINISTERIO DE HABITAT Y DESARROLLO HUMANO,SS TERCERA EDAD,,1084,C1084AAA
-58.3747636963095,-34.6084256249591,MONSERRAT,1,"DE MAYO, Av. ",589,Piso:1 a 7,SECRETARIA DE GESTION COMUNAL Y ATENCION CIUDADANA,,,1084,C1084AAA
-58.3747636963095,-34.6084256249591,MONSERRAT,1,"DE MAYO, Av. ",589,Piso:1 a 7,SECRETARIA DE GESTION COMUNAL Y ATENCION CIUDADANA,SS DE ATENCION CIUDADANA,,1084,C1084AAA
-58.3747636963095,-34.6084256249591,MONSERRAT,1,"DE MAYO, Av. ",589,Piso:1 a 7,SECRETARIA DE GESTION COMUNAL Y ATENCION CIUDADANA,SS DESCENTRALIZACION Y PARTICIPACION CIUDADANA,DG SERVICIOS DESCONCENTRADOS Y MATENIMIENTO EDILICIO,1084,C1084AAA
-58.3747636963095,-34.6084256249591,MONSERRAT,1,"DE MAYO, Av. ",589,Piso:1 a 7,SECRETARIA DE GESTION COMUNAL Y ATENCION CIUDADANA,SS ESPACIO PUBLICO COMUNAL,,1084,C1084AAA
-58.3747636963095,-34.6084256249591,MONSERRAT,1,"DE MAYO, Av. ",589,Piso:1 a 7,SECRETARIA DE GESTION COMUNAL Y ATENCION CIUDADANA,SS ESPACIO PUBLICO COMUNAL,DG OBRAS COMUNALES,1084,C1084AAA
-58.373833699071,-34.6082656255991,MONSERRAT,1,"DE MAYO, Av. ",501,"Piso:2º, 3º; RIVADAVIA, Av. SN",JEFATURA DE GABINETE DE MINISTROS,,,1084,C1084AAA
-58.373833699071,-34.6082656255991,MONSERRAT,1,"DE MAYO, Av. ",501,"Piso:2º, 3º; RIVADAVIA, Av. SN",JEFE DE GOBIERNO,,,1084,C1084AAA
-58.373833699071,-34.6082656255991,MONSERRAT,1,"DE MAYO, Av. ",501,"Piso:2º, 3º; RIVADAVIA, Av. SN",MINISTERIO DE HACIENDA,,,1084,C1084AAA
-58.373833699071,-34.6082656255991,MONSERRAT,1,"DE MAYO, Av. ",501,"Piso:2º, 3º; RIVADAVIA, Av. SN",MINISTERIO DE HACIENDA,SS DE GESTION Y ADM. FINANCIERA,,1084,C1084AAA
-58.373833699071,-34.6082656255991,MONSERRAT,1,"DE MAYO, Av. ",501,"Piso:2º, 3º; RIVADAVIA, Av. SN",MINISTERIO DE HACIENDA,SS GESTION OPERATIVA,,1084,C1084AAA
-58.373833699071,-34.6082656255991,MONSERRAT,1,"DE MAYO, Av. ",501,"Piso:2º, 3º; RIVADAVIA, Av. SN",SECRETARIA DE COMUNICACION SOCIAL,,,1084,C1084AAA
-58.373833699071,-34.6082656255991,MONSERRAT,1,"DE MAYO, Av. ",501,"Piso:2º, 3º; RIVADAVIA, Av. SN",SECRETARIA DE COMUNICACION SOCIAL,DG PLANEAMIENTO DE MEDIOS,,1084,C1084AAA
-58.373833699071,-34.6082656255991,MONSERRAT,1,"DE MAYO, Av. ",501,"Piso:2º, 3º; RIVADAVIA, Av. SN",SECRETARIA DE MEDIOS,,,1084,C1084AAA
-58.373833699071,-34.6082656255991,MONSERRAT,1,"DE MAYO, Av. ",501,"Piso:2º, 3º; RIVADAVIA, Av. SN",SECRETARIA DE MEDIOS,SS MEDIOS Y DE PRENSA,DG COORD DE PRENSA,1084,C1084AAA
-58.373833699071,-34.6082656255991,MONSERRAT,1,"DE MAYO, Av. ",501,"Piso:2º, 3º; RIVADAVIA, Av. SN",SECRETARIA DE MEDIOS,SS MEDIOS Y DE PRENSA,DG NUEVOS MEDIOS,1084,C1084AAA
-58.373833699071,-34.6082656255991,MONSERRAT,1,"DE MAYO, Av. ",501,"Piso:2º, 3º; RIVADAVIA, Av. SN",SECRETARIA DE MEDIOS,SS MEDIOS Y DE PRENSA,LS1 RADIO DE LA CIUDAD,1084,C1084AAA
-58.373833699071,-34.6082656255991,MONSERRAT,1,"DE MAYO, Av. ",501,"Piso:2º, 3º; RIVADAVIA, Av. SN",SECRETARIA DE MEDIOS,SS MEDIOS Y DE PRENSA,UPE SISTEMAS DE MEDIOS PUBLICOS,1084,C1084AAA
-58.373833699071,-34.6082656255991,MONSERRAT,1,"DE MAYO, Av. ",501,"Piso:2º, 3º; RIVADAVIA, Av. SN",SECRETARIA GENERAL,,,1084,C1084AAA
-58.373833699071,-34.6082656255991,MONSERRAT,1,"DE MAYO, Av. ",501,"Piso:2º, 3º; RIVADAVIA, Av. SN",SECRETARIA GENERAL,SS DE CONTENIDOS,,1084,C1084AAA
-58.373833699071,-34.6082656255991,MONSERRAT,1,"DE MAYO, Av. ",501,"Piso:2º, 3º; RIVADAVIA, Av. SN",SECRETARIA GENERAL,SS DE CONTENIDOS,DG PLANIFICACION COMUNICACIONAL,1084,C1084AAA
-58.373833699071,-34.6082656255991,MONSERRAT,1,"DE MAYO, Av. ",501,"Piso:2º, 3º; RIVADAVIA, Av. SN",SECRETARIA GENERAL,SS DE CONTENIDOS,"UNIDAD DE PROYECTOS ESPECIALES, OPINION PUBLICA Y COMUNIC DIRECTA",1084,C1084AAA
-58.373833699071,-34.6082656255991,MONSERRAT,1,"DE MAYO, Av. ",501,"Piso:2º, 3º; RIVADAVIA, Av. SN",SECRETARIA GENERAL,SS RELACIONES INTERNACIONALES E INSTITUCIONALES,DG CULTOS,1084,C1084AAA
-58.373833699071,-34.6082656255991,MONSERRAT,1,"DE MAYO, Av. ",501,"Piso:2º, 3º; RIVADAVIA, Av. SN",SECRETARIA GENERAL,SS RELACIONES INTERNACIONALES E INSTITUCIONALES,DG DE PROTOCOLO Y CEREMONIAL,1084,C1084AAA
-58.373833699071,-34.6082656255991,MONSERRAT,1,"DE MAYO, Av. ",501,"Piso:2º, 3º; RIVADAVIA, Av. SN",SECRETARIA GENERAL,SS RELACIONES INTERNACIONALES E INSTITUCIONALES,DG RELACIONES INTERNACIONALES Y COOPERACION,1084,C1084AAA
-58.373833699071,-34.6082656255991,MONSERRAT,1,"DE MAYO, Av. ",501,"Piso:2º, 3º; RIVADAVIA, Av. SN",SECRETARIA LEGAL Y TECNICA,DG COORDINACION LEGAL,,1084,C1084AAA
-58.373833699071,-34.6082656255991,MONSERRAT,1,"DE MAYO, Av. ",501,"Piso:2º, 3º; RIVADAVIA, Av. SN",SECRETARIA LEGAL Y TECNICA,DG COORDINACION Y CONSOLIDACION NORMATIVA,,1084,C1084AAA
-58.373833699071,-34.6082656255991,MONSERRAT,1,"DE MAYO, Av. ",501,"Piso:2º, 3º; RIVADAVIA, Av. SN",SECRETARIA LEGAL Y TECNICA,DG MESA DE ENTRADA Y SALIDA DE ARCHIVOS,,1084,C1084AAA
-58.373833699071,-34.6082656255991,MONSERRAT,1,"DE MAYO, Av. ",501,"Piso:2º, 3º; RIVADAVIA, Av. SN",SECRETARIA LEGAL Y TECNICA,DG TECNICA Y ADMINISTRATIVA,,1084,C1084AAA
-58.373833699071,-34.6082656255991,MONSERRAT,1,"DE MAYO, Av. ",501,"Piso:2º, 3º; RIVADAVIA, Av. SN",VICEJEFATURA DE GOBIERNO,,,1084,C1084AAA
-58.373833699071,-34.6082656255991,MONSERRAT,1,"DE MAYO, Av. ",501,"Piso:2º, 3º; RIVADAVIA, Av. SN",VICEJEFATURA DE GOBIERNO,SECRETARIA DE DESARROLLO CIUDADANO,,1084,C1084AAA
-58.3728237036662,-34.6136256097492,MONSERRAT,1,VENEZUELA ,469,,MINISTERIO DE CULTURA,SS PATRIMONIO CULTURAL,DG PATRIMONIO E INSTITUTO HISTORICO,1095,C1095AAI
-58.3731837025196,-34.6134656101822,MONSERRAT,1,BOLIVAR ,474,,MINISTERIO DE CULTURA,SS PATRIMONIO CULTURAL,DG PATRIMONIO E INSTITUTO HISTORICO,1066,C1066AAJ
-58.37031371086,-34.6120156150183,MONSERRAT,1,BALCARCE ,360,,MINISTERIO DE AMBIENTE Y ESPACIO PUBLICO,SS DE HIGIENE URBANA,DG RECICLADO,1064,C1064AAH
-58.37031371086,-34.6120156150183,MONSERRAT,1,BALCARCE ,360,,MINISTERIO DE CULTURA,ENTE DE TURISMO,,1064,C1064AAH
-58.37031371086,-34.6120156150183,MONSERRAT,1,BALCARCE ,360,,MINISTERIO DE HABITAT Y DESARROLLO HUMANO,SS DE FORTALECIMIENTO FAMILIAR Y COMUNITARIO,DG ATENCION INMEDIATA,1064,C1064AAH
-58.3697837118662,-34.6101856206555,MONSERRAT,1,"PASEO COLON, Av. ",207,,MINISTERIO DE CULTURA,"DG TECNICA, ADMINISTRATIVA Y LEGAL",,1063,C1063ACC
-58.3697837118662,-34.6101856206555,MONSERRAT,1,"PASEO COLON, Av. ",207,,MINISTERIO DE CULTURA,ENTE DE TURISMO,,1063,C1063ACC
-58.3697437122027,-34.6108856185554,MONSERRAT,1,"PASEO COLON, Av. ",275,Piso:1°,MINISTERIO DE EDUCACION,SS POLITICAS EDUCATIVAS Y CARRERA DOCENTE,DG DE PERSONAL DOCENTE Y NO DOCENTE,1063,C1063ACC
-58.369723712335,-34.6108956185053,MONSERRAT,1,"PASEO COLON, Av. ",275,Piso:14,MINISTERIO DE EDUCACION,DG DE PLANEAMIENTO EDUCATIVO,,1063,C1063ACC
-58.369723712335,-34.6108956185053,MONSERRAT,1,"PASEO COLON, Av. ",275,Piso:15,MINISTERIO DE EDUCACION,DG DE PLANEAMIENTO EDUCATIVO,,1063,C1063ACC
-58.3697337122562,-34.6106656192178,MONSERRAT,1,"PASEO COLON, Av. ",245,"Piso:1,2,3,4,5,",AUDITORIA GRAL DE LA CIUDAD DE BUENOS AIRES,,,1063,C1063ACC
-58.3697337122562,-34.6106656192178,MONSERRAT,1,"PASEO COLON, Av. ",245,"Piso:1,2,3,4,5,",JEFATURA DE GABINETE DE MINISTROS,,,1063,C1063ACC
-58.3697337122562,-34.6106656192178,MONSERRAT,1,"PASEO COLON, Av. ",245,"Piso:1,2,3,4,5,",MINISTERIO DE EDUCACION,,,1063,C1063ACC
-58.3697337122562,-34.6106656192178,MONSERRAT,1,"PASEO COLON, Av. ",245,"Piso:1,2,3,4,5,",MINISTERIO DE EDUCACION,DG COMUNICACIONES Y RELACIONES INSTITUCIONALES,,1063,C1063ACC
-58.3697337122562,-34.6106656192178,MONSERRAT,1,"PASEO COLON, Av. ",245,"Piso:1,2,3,4,5,",MINISTERIO DE EDUCACION,DG COORD LEGAL E INSTITUCIONAL,,1063,C1063ACC
-58.3697337122562,-34.6106656192178,MONSERRAT,1,"PASEO COLON, Av. ",245,"Piso:1,2,3,4,5,",MINISTERIO DE EDUCACION,DG DE PLANEAMIENTO EDUCATIVO,,1063,C1063ACC
-58.3697337122562,-34.6106656192178,MONSERRAT,1,"PASEO COLON, Av. ",245,"Piso:1,2,3,4,5,",MINISTERIO DE EDUCACION,DG TECNOLOGIA EDUCATIVA,,1063,C1063ACC
-58.3697337122562,-34.6106656192178,MONSERRAT,1,"PASEO COLON, Av. ",245,"Piso:1,2,3,4,5,",MINISTERIO DE EDUCACION,SS DE EQUIDAD EDUCATIVA,,1063,C1063ACC
-58.3697337122562,-34.6106656192178,MONSERRAT,1,"PASEO COLON, Av. ",245,"Piso:1,2,3,4,5,",MINISTERIO DE EDUCACION,SS DE EQUIDAD EDUCATIVA,DG FORTALECIMIENTO DE LA COMUNIDAD EDUCATIVA,1063,C1063ACC
-58.3697337122562,-34.6106656192178,MONSERRAT,1,"PASEO COLON, Av. ",245,"Piso:1,2,3,4,5,",MINISTERIO DE EDUCACION,SS DE GESTION ECONOMICO FINANCIERA Y AD. DE RECURSOS,DG ADMINISTRACION DE MANTENIMIENTO,1063,C1063ACC
-58.3697337122562,-34.6106656192178,MONSERRAT,1,"PASEO COLON, Av. ",245,"Piso:1,2,3,4,5,",MINISTERIO DE EDUCACION,SS DE GESTION ECONOMICO FINANCIERA Y AD. DE RECURSOS,DG ADMINISTRACION DE RECURSOS,1063,C1063ACC
-58.3697337122562,-34.6106656192178,MONSERRAT,1,"PASEO COLON, Av. ",245,"Piso:1,2,3,4,5,",MINISTERIO DE EDUCACION,SS DE GESTION ECONOMICO FINANCIERA Y AD. DE RECURSOS,DG PLANEAMIENTO Y CONTROL DE GESTION,1063,C1063ACC
-58.3697337122562,-34.6106656192178,MONSERRAT,1,"PASEO COLON, Av. ",245,"Piso:1,2,3,4,5,",MINISTERIO DE EDUCACION,SS DE GESTION ECONOMICO FINANCIERA Y AD. DE RECURSOS,DG SERVICIOS A LAS ESCUELAS,1063,C1063ACC
-58.3697337122562,-34.6106656192178,MONSERRAT,1,"PASEO COLON, Av. ",245,"Piso:1,2,3,4,5,",MINISTERIO DE EDUCACION,SS GESTION EDUCATIVA Y COORD PEDAGOGICA,,1063,C1063ACC
-58.3697337122562,-34.6106656192178,MONSERRAT,1,"PASEO COLON, Av. ",245,"Piso:1,2,3,4,5,",MINISTERIO DE EDUCACION,SS POLITICAS EDUCATIVAS Y CARRERA DOCENTE,DG CARRERA DOCENTE,1063,C1063ACC
-58.3697337122562,-34.6106656192178,MONSERRAT,1,"PASEO COLON, Av. ",245,"Piso:1,2,3,4,5,",MINISTERIO DE EDUCACION,SS POLITICAS EDUCATIVAS Y CARRERA DOCENTE,DG DE PERSONAL DOCENTE Y NO DOCENTE,1063,C1063ACC
-58.3697337122562,-34.6106656192178,MONSERRAT,1,"PASEO COLON, Av. ",245,"Piso:1,2,3,4,5,",MINISTERIO DE HACIENDA,SS DE GESTION Y ADM. FINANCIERA,DG CONTADURIA,1063,C1063ACC
-58.3740236987781,-34.6092656225569,MONSERRAT,1,"ROCA, JULIO A., Pres., Av. ",523,,LEGISLATURA DE LA CABA,,,1067,C1067ABA
-58.3745336973192,-34.6095156217085,MONSERRAT,1,"YRIGOYEN, HIPOLITO ",546,,LEGISLATURA DE LA CABA,,,1086,C1086AAH
-58.3736337001953,-34.6101456199616,MONSERRAT,1,BOLIVAR ,191,"Piso:5º; ALSINA, ADOLFO 513",MINISTERIO DE CULTURA,SS PATRIMONIO CULTURAL,,1066,C1066AAC
-58.3736337001953,-34.6101456199616,MONSERRAT,1,BOLIVAR ,191,"Piso:5º; ALSINA, ADOLFO 513",MINISTERIO DE EDUCACION,,,1066,C1066AAC
-58.3736337001953,-34.6101456199616,MONSERRAT,1,BOLIVAR ,191,"Piso:5º; ALSINA, ADOLFO 513",MINISTERIO DE EDUCACION,DG COORD LEGAL E INSTITUCIONAL,,1066,C1066AAC
-58.3736337001953,-34.6101456199616,MONSERRAT,1,BOLIVAR ,191,"Piso:5º; ALSINA, ADOLFO 513",MINISTERIO DE EDUCACION,DG TECNOLOGIA EDUCATIVA,,1066,C1066AAC
-58.3736337001953,-34.6101456199616,MONSERRAT,1,BOLIVAR ,191,"Piso:5º; ALSINA, ADOLFO 513",MINISTERIO DE EDUCACION,SS DE EQUIDAD EDUCATIVA,DG ESTRATEGIAS PARA LA EDUCABILIDAD,1066,C1066AAC
-58.3736337001953,-34.6101456199616,MONSERRAT,1,BOLIVAR ,191,"Piso:5º; ALSINA, ADOLFO 513",MINISTERIO DE EDUCACION,SS GESTION EDUCATIVA Y COORD PEDAGOGICA,DG EDUCACION SUPERIOR,1066,C1066AAC
-58.3736337001953,-34.6101456199616,MONSERRAT,1,BOLIVAR ,191,"Piso:5º; ALSINA, ADOLFO 513",MINISTERIO DE HABITAT Y DESARROLLO HUMANO,SS DE PROMOCION SOCIAL,,1066,C1066AAC
-58.3736337001953,-34.6101456199616,MONSERRAT,1,BOLIVAR ,191,"Piso:5º; ALSINA, ADOLFO 513",MINISTERIO DE JUSTICIA Y SEGURIDAD,SS DE PREVENCION DEL DELITO Y RELACION CON LA COMUNIDAD,DG POLITICAS DE PREVENCION DEL DELITO,1066,C1066AAC
-58.3898936524466,-34.6155256007368,MONSERRAT,1,MEXICO ,1651,,MINISTERIO DE HABITAT Y DESARROLLO HUMANO,,,1100,C1100ACA
-58.3898936524466,-34.6155256007368,MONSERRAT,1,MEXICO ,1651,,MINISTERIO DE HABITAT Y DESARROLLO HUMANO,SS ADMINISTRACION,,1100,C1100ACA
-58.3898936524466,-34.6155256007368,MONSERRAT,1,MEXICO ,1651,,MINISTERIO DE HABITAT Y DESARROLLO HUMANO,SS ADMINISTRACION,DG TECNICA ADM Y LEGAL,1100,C1100ACA
-58.3898936524466,-34.6155256007368,MONSERRAT,1,MEXICO ,1651,,MINISTERIO DE HABITAT Y DESARROLLO HUMANO,SS DE PROMOCION SOCIAL,DG FORTALECIMIENTO DE LA SOC. CIVIL,1100,C1100ACA
-58.3898936524466,-34.6155256007368,MONSERRAT,1,MEXICO ,1651,,MINISTERIO DE HABITAT Y DESARROLLO HUMANO,SS DE PROMOCION SOCIAL,DG NIÑEZ Y ADOLESCENCIA,1100,C1100ACA
-58.3898936524466,-34.6155256007368,MONSERRAT,1,MEXICO ,1651,,MINISTERIO DE HABITAT Y DESARROLLO HUMANO,SS DE PROMOCION SOCIAL,DG SERVICIOS SOCIALES ZONALES,1100,C1100ACA
-58.3865736618999,-34.6131156086504,MONSERRAT,1,"BELGRANO, Av. ",1429,,MINISTERIO DE AMBIENTE Y ESPACIO PUBLICO,AGENCIA DE PROTECCION AMBIENTAL,,1093,C1093AAC
-58.3865736618999,-34.6131156086504,MONSERRAT,1,"BELGRANO, Av. ",1429,,MINISTERIO DE AMBIENTE Y ESPACIO PUBLICO,AGENCIA DE PROTECCION AMBIENTAL,DG EVALUACION TECNICA,1093,C1093AAC
-58.3865736618999,-34.6131156086504,MONSERRAT,1,"BELGRANO, Av. ",1429,,MINISTERIO DE AMBIENTE Y ESPACIO PUBLICO,"DG TECNICA, ADMINISTRATIVA Y LEGAL",,1093,C1093AAC
-58.3858636637771,-34.6121856115387,MONSERRAT,1,MORENO ,1379,,MINISTERIO DE AMBIENTE Y ESPACIO PUBLICO,AGENCIA DE PROTECCION AMBIENTAL,,1091,C1091ABA
-58.3858636637771,-34.6121856115387,MONSERRAT,1,MORENO ,1379,,MINISTERIO DE AMBIENTE Y ESPACIO PUBLICO,AGENCIA DE PROTECCION AMBIENTAL,DG EVALUACION TECNICA,1091,C1091ABA
-58.3858636637771,-34.6121856115387,MONSERRAT,1,MORENO ,1379,,MINISTERIO DE AMBIENTE Y ESPACIO PUBLICO,"DG TECNICA, ADMINISTRATIVA Y LEGAL",,1091,C1091ABA
-58.3830936714974,-34.6098056191854,MONSERRAT,1,"YRIGOYEN, HIPOLITO ",1176,Piso:9,MINISTERIO DE CULTURA,SS GESTION CULTURAL,DG PROMOCION CULTURAL,1086,C1086AAT
-58.3804036800843,-34.6114356147858,MONSERRAT,1,"IRIGOYEN, BERNARDO de ",266,"Piso:3,4,5,6","MINISTERIO DE MODERNIZACION, INNOVACION Y TECNOLOGIA",,,1072,C1072AAF
-58.3804036800843,-34.6114356147858,MONSERRAT,1,"IRIGOYEN, BERNARDO de ",266,"Piso:3,4,5,6","MINISTERIO DE MODERNIZACION, INNOVACION Y TECNOLOGIA",AGENCIA DE SISTEMAS DE INFORMACION,,1072,C1072AAF
-58.3804036800843,-34.6114356147858,MONSERRAT,1,"IRIGOYEN, BERNARDO de ",266,"Piso:3,4,5,6","MINISTERIO DE MODERNIZACION, INNOVACION Y TECNOLOGIA",AGENCIA DE SISTEMAS DE INFORMACION,DG DE GOBIERNO ELECTRONICO,1072,C1072AAF
-58.3804036800843,-34.6114356147858,MONSERRAT,1,"IRIGOYEN, BERNARDO de ",266,"Piso:3,4,5,6","MINISTERIO DE MODERNIZACION, INNOVACION Y TECNOLOGIA",AGENCIA DE SISTEMAS DE INFORMACION,DG INTEGRACION DE SISTEMAS,1072,C1072AAF
-58.3796036819451,-34.6095956205306,MONSERRAT,1,"YRIGOYEN, HIPOLITO ",930,,CONSEJO DE LA MAGISTRATURA DE LA CABA,,,1086,C1086AAP
-58.3800236809839,-34.6106256173515,MONSERRAT,1,"ALSINA, ADOLFO ",963,,MINISTERIO DE CULTURA,SS GESTION CULTURAL,DG MUSICA,1088,C1088AAA
-58.3800236809839,-34.6106256173515,MONSERRAT,1,"ALSINA, ADOLFO ",963,,MINISTERIO DE CULTURA,SS PATRIMONIO CULTURAL,DG MUSEOS,1088,C1088AAA
-58.3781136850193,-34.6042656367384,SAN NICOLAS,1,ESMERALDA ,340,,SECRETARIA DE GESTION COMUNAL Y ATENCION CIUDADANA,SS DE ATENCION CIUDADANA,DG DEFENSA Y PROTECCION DEL CONSUMIDOR,1035,C1035ABH
-58.3794236806231,-34.6030356401588,SAN NICOLAS,1,SUIPACHA ,443,,MINISTERIO DE CULTURA,SS GESTION CULTURAL,DG MUSICA,1008,C1008AAI
-58.3772536883458,-34.6070756284602,SAN NICOLAS,1,"MITRE, BARTOLOME ",754,,ENTE REGULADOR DE LOS SERVICIOS PUBLICOS,,,1036,C1036AAN
-58.3777536869694,-34.6075356269843,SAN NICOLAS,1,ESMERALDA ,55,,MINISTERIO DE EDUCACION,,,1035,C1035ABA
-58.3777536869694,-34.6075356269843,SAN NICOLAS,1,ESMERALDA ,55,,MINISTERIO DE EDUCACION,SS DE EQUIDAD EDUCATIVA,,1035,C1035ABA
-58.3777536869694,-34.6075356269843,SAN NICOLAS,1,ESMERALDA ,55,,MINISTERIO DE EDUCACION,SS DE EQUIDAD EDUCATIVA,DG FORTALECIMIENTO DE LA COMUNIDAD EDUCATIVA,1035,C1035ABA
-58.3777536869694,-34.6075356269843,SAN NICOLAS,1,ESMERALDA ,55,,MINISTERIO DE EDUCACION,SS DE GESTION ECONOMICO FINANCIERA Y AD. DE RECURSOS,,1035,C1035ABA
-58.3777536869694,-34.6075356269843,SAN NICOLAS,1,ESMERALDA ,55,,MINISTERIO DE EDUCACION,SS DE GESTION ECONOMICO FINANCIERA Y AD. DE RECURSOS,DG ADMINISTRACION DE RECURSOS,1035,C1035ABA
-58.3777536869694,-34.6075356269843,SAN NICOLAS,1,ESMERALDA ,55,,MINISTERIO DE EDUCACION,SS GESTION EDUCATIVA Y COORD PEDAGOGICA,DG DE EDUCACION DE GESTION ESTATAL,1035,C1035ABA
-58.3777536869694,-34.6075356269843,SAN NICOLAS,1,ESMERALDA ,55,,MINISTERIO DE EDUCACION,SS GESTION EDUCATIVA Y COORD PEDAGOGICA,DG EDUCACION SUPERIOR,1035,C1035ABA
-58.3779536854554,-34.6041056372094,SAN NICOLAS,1,ESMERALDA ,351,Piso:SS/ PB /1°,MINISTERIO DE AMBIENTE Y ESPACIO PUBLICO,SS DE USO DEL ESPACIO PUBLICO,DG FERIAS Y MERCADOS,1035,C1035ABG
-58.3767036891848,-34.603905638031,SAN NICOLAS,1,MAIPU ,356,"Piso:4SS/2°/3° Depto:2°,3°","MINISTERIO DE MODERNIZACION, INNOVACION Y TECNOLOGIA",SS DE GESTION DE PROYECTOS DE MODERNIZACION,,1006,C1006ACB
-58.3767036891848,-34.603905638031,SAN NICOLAS,1,MAIPU ,356,"Piso:4SS/2°/3° Depto:2°,3°","MINISTERIO DE MODERNIZACION, INNOVACION Y TECNOLOGIA",SS DE GESTION DE PROYECTOS DE MODERNIZACION,DG ADMINISTRACION DE BASES DE DATOS Y PROYECTOS,1006,C1006ACB
-58.3767036891848,-34.603905638031,SAN NICOLAS,1,MAIPU ,356,"Piso:4SS/2°/3° Depto:2°,3°","MINISTERIO DE MODERNIZACION, INNOVACION Y TECNOLOGIA",SS DE GESTION DE PROYECTOS DE MODERNIZACION,DG CAPITAL HUMANO,1006,C1006ACB
-58.3767036891848,-34.603905638031,SAN NICOLAS,1,MAIPU ,356,"Piso:4SS/2°/3° Depto:2°,3°","MINISTERIO DE MODERNIZACION, INNOVACION Y TECNOLOGIA",SS DE GESTION DE PROYECTOS DE MODERNIZACION,DG MODERNIZACION ADMINISTRATIVA,1006,C1006ACB
-58.3767036891848,-34.603905638031,SAN NICOLAS,1,MAIPU ,356,"Piso:4SS/2°/3° Depto:2°,3°","MINISTERIO DE MODERNIZACION, INNOVACION Y TECNOLOGIA",SS DE GESTION DE PROYECTOS DE MODERNIZACION,DG PLANEAMIENTO DE CARRERAS,1006,C1006ACB
-58.3767036891848,-34.603905638031,SAN NICOLAS,1,MAIPU ,356,"Piso:4SS/2°/3° Depto:2°,3°","MINISTERIO DE MODERNIZACION, INNOVACION Y TECNOLOGIA",SS DE GESTION DE PROYECTOS DE MODERNIZACION,DG PROYECTOS DE CIUDAD INTELIGENTE,1006,C1006ACB
-58.3764736902147,-34.6051656343612,SAN NICOLAS,1,MAIPU ,255,"Piso:PB, 2°, 12",JEFATURA DE GABINETE DE MINISTROS,SS ASUNTOS PUBLICOS,,1084,C1084ABE
-58.3764736902147,-34.6051656343612,SAN NICOLAS,1,MAIPU ,255,"Piso:PB, 2°, 12",JEFATURA DE GABINETE DE MINISTROS,SS ASUNTOS PUBLICOS,DG COORD. DE GESTION POLITICA Y RELACIONES INSTITUCIONALES,1084,C1084ABE
-58.3764736902147,-34.6051656343612,SAN NICOLAS,1,MAIPU ,255,"Piso:PB, 2°, 12",JEFATURA DE GABINETE DE MINISTROS,SS TRANSPORTE,,1084,C1084ABE
-58.3764736902147,-34.6051656343612,SAN NICOLAS,1,MAIPU ,255,"Piso:PB, 2°, 12",JEFATURA DE GABINETE DE MINISTROS,SS TRANSPORTE,DG MOVILIDAD SALUDABLE,1084,C1084ABE
-58.3764736902147,-34.6051656343612,SAN NICOLAS,1,MAIPU ,255,"Piso:PB, 2°, 12",JEFATURA DE GABINETE DE MINISTROS,SS TRANSPORTE,DG TRANSPORTE,1084,C1084ABE
-58.3764736902147,-34.6051656343612,SAN NICOLAS,1,MAIPU ,255,"Piso:PB, 2°, 12",JEFATURA DE GABINETE DE MINISTROS,SS TRANSPORTE,UPE CONSTRUCCION TRANSPORTE MASIVO BUSES RAPIDOS,1084,C1084ABE
-58.3760636906408,-34.6023356429139,SAN NICOLAS,1,LAVALLE ,658,Piso:10º,MINISTERIO DE JUSTICIA Y SEGURIDAD,SS DE PREVENCION DEL DELITO Y RELACION CON LA COMUNIDAD,DG POLITICAS DE PREVENCION DEL DELITO,1047,C1047AAN
-58.3746036963499,-34.6067756298907,SAN NICOLAS,1,"MITRE, BARTOLOME ",565,"Piso:PB, 1°, 2°","MINISTERIO DE MODERNIZACION, INNOVACION Y TECNOLOGIA",SS DE INVERSIONES,"DG TECNICA, ADMINISTRATIVA Y LEGAL",1036,C1036AAI
-58.3746036963499,-34.6067756298907,SAN NICOLAS,1,"MITRE, BARTOLOME ",565,"Piso:PB, 1°, 2°","MINISTERIO DE MODERNIZACION, INNOVACION Y TECNOLOGIA",SS DE TRABAJO,,1036,C1036AAI
-58.3746036963499,-34.6067756298907,SAN NICOLAS,1,"MITRE, BARTOLOME ",565,"Piso:PB, 1°, 2°","MINISTERIO DE MODERNIZACION, INNOVACION Y TECNOLOGIA",SS DE TRABAJO,DG EMPLEO,1036,C1036AAI
-58.3746036963499,-34.6067756298907,SAN NICOLAS,1,"MITRE, BARTOLOME ",565,"Piso:PB, 1°, 2°","MINISTERIO DE MODERNIZACION, INNOVACION Y TECNOLOGIA",SS DE TRABAJO,DG PROTECCION DEL TRABAJO,1036,C1036AAI
-58.3746036963499,-34.6067756298907,SAN NICOLAS,1,"MITRE, BARTOLOME ",565,"Piso:PB, 1°, 2°","MINISTERIO DE MODERNIZACION, INNOVACION Y TECNOLOGIA",SS DE TRABAJO,DG RELACIONES LABORALES,1036,C1036AAI
-58.3782836849339,-34.6057756321969,SAN NICOLAS,1,SAENZ PE,812,"Piso:3°, 4°, 6°; ESMERALDA SN; PERON, JUAN DOMINGO, Tte. Gral. 815/817/819/835/837/839","CONSEJO DE LOS DERECHOS DE LOS NIÑOS, NIÑAS Y ADOLESCENTES",,,,
-58.3782836849339,-34.6057756321969,SAN NICOLAS,1,SAENZ PE,812,"Piso:3°, 4°, 6°; ESMERALDA SN; PERON, JUAN DOMINGO, Tte. Gral. 815/817/819/835/837/839",MINISTERIO DE CULTURA,FESTIVALES Y EVENTOS CENTRALES,,,
-58.3782836849339,-34.6057756321969,SAN NICOLAS,1,SAENZ PE,812,"Piso:3°, 4°, 6°; ESMERALDA SN; PERON, JUAN DOMINGO, Tte. Gral. 815/817/819/835/837/839","MINISTERIO DE MODERNIZACION, INNOVACION Y TECNOLOGIA",SECRETARIA DE HABITAT E INCLUSION,,,
-58.3782836849339,-34.6057756321969,SAN NICOLAS,1,SAENZ PE,812,"Piso:3°, 4°, 6°; ESMERALDA SN; PERON, JUAN DOMINGO, Tte. Gral. 815/817/819/835/837/839","MINISTERIO DE MODERNIZACION, INNOVACION Y TECNOLOGIA",SS DE DESARROLLO ECONOMICO,,,
-58.3782836849339,-34.6057756321969,SAN NICOLAS,1,SAENZ PE,812,"Piso:3°, 4°, 6°; ESMERALDA SN; PERON, JUAN DOMINGO, Tte. Gral. 815/817/819/835/837/839","MINISTERIO DE MODERNIZACION, INNOVACION Y TECNOLOGIA",SS DE DESARROLLO ECONOMICO,"DG FOMENTO, PRODUC. E INNOVACION TECNOLOGICA",,
-58.3782836849339,-34.6057756321969,SAN NICOLAS,1,SAENZ PE,812,"Piso:3°, 4°, 6°; ESMERALDA SN; PERON, JUAN DOMINGO, Tte. Gral. 815/817/819/835/837/839","MINISTERIO DE MODERNIZACION, INNOVACION Y TECNOLOGIA",SS DE DESARROLLO ECONOMICO,DG GESTION DE ACTIVIDADES CIENTIFICAS Y TECNOLOGICAS,,
-58.3782836849339,-34.6057756321969,SAN NICOLAS,1,SAENZ PE,812,"Piso:3°, 4°, 6°; ESMERALDA SN; PERON, JUAN DOMINGO, Tte. Gral. 815/817/819/835/837/839","MINISTERIO DE MODERNIZACION, INNOVACION Y TECNOLOGIA",SS DE INVERSIONES,,,
-58.3782836849339,-34.6057756321969,SAN NICOLAS,1,SAENZ PE,812,"Piso:3°, 4°, 6°; ESMERALDA SN; PERON, JUAN DOMINGO, Tte. Gral. 815/817/819/835/837/839","MINISTERIO DE MODERNIZACION, INNOVACION Y TECNOLOGIA",SS DESARROLLO INCLUSIVO,COPIDIS,,
-58.3785136839151,-34.6048456348742,SAN NICOLAS,1,SARMIENTO ,840,Piso:SS/PB/1° P,"MINISTERIO DE MODERNIZACION, INNOVACION Y TECNOLOGIA",SS DESARROLLO INCLUSIVO,INSTITUTO DE VIVIENDA DE LA CIUDAD (IVC),1041,C1041AAR
-58.3782736835374,-34.6006956473372,SAN NICOLAS,1,ESMERALDA ,638,"Piso:PB, 1º, 2º",MINISTERIO DE HACIENDA,AGIP,DG RENTAS,1007,C1007ABF
-58.3793836801023,-34.6004956477632,SAN NICOLAS,1,VIAMONTE ,860,"Piso:1º, 2º, 3º; SUIPACHA 639/665 Piso:1º, 2º, 3º",MINISTERIO DE HACIENDA,AGIP,,1053,C1053ABR
-58.3793836801023,-34.6004956477632,SAN NICOLAS,1,VIAMONTE ,860,"Piso:1º, 2º, 3º; SUIPACHA 639/665 Piso:1º, 2º, 3º",MINISTERIO DE HACIENDA,AGIP,DG RENTAS,1053,C1053ABR
-58.3777136867473,-34.6060956313603,SAN NICOLAS,1,SAENZ PE,772,Piso:6º/7º/8º,MINISTERIO DE EDUCACION,DG EVALUACION DE LA CALIDAD EDUCATIVA,,,
-58.3777136867473,-34.6060956313603,SAN NICOLAS,1,SAENZ PE,772,Piso:6º/7º/8º,MINISTERIO DE HACIENDA,SS DE GESTION Y ADM. FINANCIERA,DG DE RELACIONES FISCALES,,
-58.3777136867473,-34.6060956313603,SAN NICOLAS,1,SAENZ PE,772,Piso:6º/7º/8º,MINISTERIO DE HACIENDA,SS DE GESTION Y ADM. FINANCIERA,DG TESORERIA,,
-58.3777136867473,-34.6060956313603,SAN NICOLAS,1,SAENZ PE,772,Piso:6º/7º/8º,"MINISTERIO DE MODERNIZACION, INNOVACION Y TECNOLOGIA",,,,
-58.3766436901391,-34.6068356292805,SAN NICOLAS,1,MAIPU ,116,,MINISTERIO DE HACIENDA,SS DE GESTION Y ADM. FINANCIERA,DG UNIDAD INFORMATICA DE AD. FINANCIERA,1084,C1084ABD
-58.3766436901391,-34.6068356292805,SAN NICOLAS,1,MAIPU ,116,,"MINISTERIO DE MODERNIZACION, INNOVACION Y TECNOLOGIA",,,1084,C1084ABD
-58.3766436901391,-34.6068356292805,SAN NICOLAS,1,MAIPU ,116,,"MINISTERIO DE MODERNIZACION, INNOVACION Y TECNOLOGIA",DG RELACIONES INSTITUCIONALES,,1084,C1084ABD
-58.3766436901391,-34.6068356292805,SAN NICOLAS,1,MAIPU ,116,,"MINISTERIO DE MODERNIZACION, INNOVACION Y TECNOLOGIA",DG RELACIONES LABORALES,,1084,C1084ABD
-58.3766436901391,-34.6068356292805,SAN NICOLAS,1,MAIPU ,116,,"MINISTERIO DE MODERNIZACION, INNOVACION Y TECNOLOGIA",SS DE GESTION DE RRHH,DG ADMINISTRACION Y LIQUIDACION DE HABERES,1084,C1084ABD
-58.3766436901391,-34.6068356292805,SAN NICOLAS,1,MAIPU ,116,,"MINISTERIO DE MODERNIZACION, INNOVACION Y TECNOLOGIA",SS DE GESTION DE RRHH,DG ASUNTOS LABORALES Y PREVISIONALES,1084,C1084ABD
-58.3766436901391,-34.6068356292805,SAN NICOLAS,1,MAIPU ,116,,"MINISTERIO DE MODERNIZACION, INNOVACION Y TECNOLOGIA",SS DE GESTION DE RRHH,DG AUDITORIA Y CONTROL OPERATIVO,1084,C1084ABD
-58.375813692783,-34.6069856290341,SAN NICOLAS,1,"MITRE, BARTOLOME ",648,"Piso:PB, 5, 6 y",JEFATURA DE GABINETE DE MINISTROS,UPE CONSTRUCCION CIUDADANA Y CAMBIO CULTURAL,,1036,C1036AAL
-58.375813692783,-34.6069856290341,SAN NICOLAS,1,"MITRE, BARTOLOME ",648,"Piso:PB, 5, 6 y",MINISTERIO DE AMBIENTE Y ESPACIO PUBLICO,,DG FERIAS Y MERCADOS,1036,C1036AAL
-58.3751736948961,-34.6079356263183,SAN NICOLAS,1,"RIVADAVIA, Av. ",611,Piso:10°; FLORIDA 12/16/2/22/26/8,JEFATURA DE GABINETE DE MINISTROS,,,1002,C1002AAE
-58.3751736948961,-34.6079356263183,SAN NICOLAS,1,"RIVADAVIA, Av. ",611,Piso:10°; FLORIDA 12/16/2/22/26/8,JEFATURA DE GABINETE DE MINISTROS,SS DERECHOS HUMANOS Y PLURALISMO CULTURAL,,1002,C1002AAE
-58.3764336905846,-34.6060356317625,SAN NICOLAS,1,MAIPU ,169,"Piso:1°, 2°, 3°; PERON, JUAN DOMINGO, Tte. Gral. 700",MINISTERIO DE HACIENDA,SS DE GESTION Y ADM. FINANCIERA,DG DE CREDITO PUBLICO,1084,C1084ABC
-58.3764336905846,-34.6060356317625,SAN NICOLAS,1,MAIPU ,169,"Piso:1°, 2°, 3°; PERON, JUAN DOMINGO, Tte. Gral. 700",MINISTERIO DE HACIENDA,SS DE GESTION Y ADM. FINANCIERA,DG SEGUROS,1084,C1084ABC
-58.3764336905846,-34.6060356317625,SAN NICOLAS,1,MAIPU ,169,"Piso:1°, 2°, 3°; PERON, JUAN DOMINGO, Tte. Gral. 700",SECRETARIA DE GESTION COMUNAL Y ATENCION CIUDADANA,SS DE ATENCION CIUDADANA,DG DEFENSA Y PROTECCION DEL CONSUMIDOR,1084,C1084ABC
-58.3757266929208,-34.6066586300321,SAN NICOLAS,1,SAENZ PE,633,,"MINISTERIO DE MODERNIZACION, INNOVACION Y TECNOLOGIA",SS DE CIUDAD INTELIGENTE,,,
-58.3757266929208,-34.6066586300321,SAN NICOLAS,1,SAENZ PE,633,,"MINISTERIO DE MODERNIZACION, INNOVACION Y TECNOLOGIA",SS DE CIUDAD INTELIGENTE,DG MODERNIZACION DE SERVICIOS AL CIUDADANO,,
-58.3757266929208,-34.6066586300321,SAN NICOLAS,1,SAENZ PE,633,,"MINISTERIO DE MODERNIZACION, INNOVACION Y TECNOLOGIA",SS DE CIUDAD INTELIGENTE,UPE INNOVACION SOCIAL,,
-58.3747136962407,-34.6075956274389,SAN NICOLAS,1,SAENZ PE,570,Piso:1; 3; 4; 5,MINISTERIO DE AMBIENTE Y ESPACIO PUBLICO,,,,
-58.3747136962407,-34.6075956274389,SAN NICOLAS,1,SAENZ PE,570,Piso:1; 3; 4; 5,MINISTERIO DE AMBIENTE Y ESPACIO PUBLICO,DG COMUNICACIÓN,,,
-58.3747136962407,-34.6075956274389,SAN NICOLAS,1,SAENZ PE,570,Piso:1; 3; 4; 5,MINISTERIO DE AMBIENTE Y ESPACIO PUBLICO,SS DE ADMINISTRACION,,,
-58.3747136962407,-34.6075956274389,SAN NICOLAS,1,SAENZ PE,570,Piso:1; 3; 4; 5,MINISTERIO DE AMBIENTE Y ESPACIO PUBLICO,SS DE ADMINISTRACION,"DG TEC, ADMINISTRATIVA Y LEGAL",,
-58.3747136962407,-34.6075956274389,SAN NICOLAS,1,SAENZ PE,570,Piso:1; 3; 4; 5,MINISTERIO DE AMBIENTE Y ESPACIO PUBLICO,SS DE HIGIENE URBANA,,,
-58.3747136962407,-34.6075956274389,SAN NICOLAS,1,SAENZ PE,570,Piso:1; 3; 4; 5,MINISTERIO DE AMBIENTE Y ESPACIO PUBLICO,SS DE HIGIENE URBANA,DG LIMPIEZA,,
-58.3747136962407,-34.6075956274389,SAN NICOLAS,1,SAENZ PE,570,Piso:1; 3; 4; 5,MINISTERIO DE AMBIENTE Y ESPACIO PUBLICO,SS DE USO DEL ESPACIO PUBLICO,DG INSPECCION DEL USO DEL ESPACIO PUBLICO,,
-58.3747136962407,-34.6075956274389,SAN NICOLAS,1,SAENZ PE,570,Piso:1; 3; 4; 5,MINISTERIO DE AMBIENTE Y ESPACIO PUBLICO,SS MANTENIMIENTO DEL ESPACIO PUBLICO,,,
-58.3747136962407,-34.6075956274389,SAN NICOLAS,1,SAENZ PE,570,Piso:1; 3; 4; 5,MINISTERIO DE HACIENDA,SS DE GESTION Y ADM. FINANCIERA,DG CONTADURIA,,
-58.3747136962407,-34.6075956274389,SAN NICOLAS,1,SAENZ PE,570,Piso:1; 3; 4; 5,MINISTERIO DE HACIENDA,SS DE GESTION Y ADM. FINANCIERA,DG SEGUROS,,
-58.3743136973398,-34.6073756281811,SAN NICOLAS,1,SAENZ PE,551,,SECRETARIA DE GESTION COMUNAL Y ATENCION CIUDADANA,,,,
-58.3743136973398,-34.6073756281811,SAN NICOLAS,1,SAENZ PE,551,,SECRETARIA DE GESTION COMUNAL Y ATENCION CIUDADANA,SS DE ATENCION CIUDADANA,,,
-58.3743136973398,-34.6073756281811,SAN NICOLAS,1,SAENZ PE,551,,SECRETARIA DE GESTION COMUNAL Y ATENCION CIUDADANA,SS DE ATENCION CIUDADANA,DG ATENCION VECINAL,,
-58.3743136973398,-34.6073756281811,SAN NICOLAS,1,SAENZ PE,551,,SECRETARIA DE GESTION COMUNAL Y ATENCION CIUDADANA,SS DE ATENCION CIUDADANA,DG GESTION CALIDAD,,
-58.3743136973398,-34.6073756281811,SAN NICOLAS,1,SAENZ PE,551,,SECRETARIA DE GESTION COMUNAL Y ATENCION CIUDADANA,SS DESCENTRALIZACION Y PARTICIPACION CIUDADANA,DG PARTICIPACION CIUDADANA,,
-58.3741336979991,-34.607465627925,SAN NICOLAS,1,SAENZ PE,541,Piso:3º/7º/ 8º,MINISTERIO DE AMBIENTE Y ESPACIO PUBLICO,DG REGENERACION URBANA,,,
-58.3741336979991,-34.607465627925,SAN NICOLAS,1,SAENZ PE,541,Piso:3º/7º/ 8º,MINISTERIO DE AMBIENTE Y ESPACIO PUBLICO,SS DE USO DEL ESPACIO PUBLICO,,,
-58.3741336979991,-34.607465627925,SAN NICOLAS,1,SAENZ PE,541,Piso:3º/7º/ 8º,MINISTERIO DE AMBIENTE Y ESPACIO PUBLICO,SS DE USO DEL ESPACIO PUBLICO,DG FERIAS Y MERCADOS,,
-58.3741336979991,-34.607465627925,SAN NICOLAS,1,SAENZ PE,541,Piso:3º/7º/ 8º,MINISTERIO DE HACIENDA,SS GESTION OPERATIVA,DG COMPRAS Y CONTRATACIONES,,
-58.3885236535904,-34.6048556329629,SAN NICOLAS,1,"CORRIENTES, Av. ",1530,,MINISTERIO DE CULTURA,DG CENTRO CULTURAL SAN MARTIN,,1042,C1042AAO
-58.3885236535904,-34.6048556329629,SAN NICOLAS,1,"CORRIENTES, Av. ",1530,,SECRETARIA DE MEDIOS,SS MEDIOS Y DE PRENSA,LS1 RADIO DE LA CIUDAD,1042,C1042AAO
-58.3885236535904,-34.6048556329629,SAN NICOLAS,1,"CORRIENTES, Av. ",1530,,SECRETARIA DE MEDIOS,SS MEDIOS Y DE PRENSA,SEÑAL CABLE CIUDAD ABIERTA,1042,C1042AAO
-58.3867736586025,-34.6035856370406,SAN NICOLAS,1,URUGUAY ,428,,PROCURACION GENERAL,,,1015,C1015ABJ
-58.3867736586025,-34.6035856370406,SAN NICOLAS,1,URUGUAY ,428,,PROCURACION GENERAL,DG TECNICA ADM. Y LEGAL,,1015,C1015ABJ
-58.3867736586025,-34.6035856370406,SAN NICOLAS,1,URUGUAY ,428,,PROCURACION GENERAL,DG TECNICA ADM. Y LEGAL,DG DE ASUNTOS PENALES,1015,C1015ABJ
-58.3867736586025,-34.6035856370406,SAN NICOLAS,1,URUGUAY ,428,,PROCURACION GENERAL,DG TECNICA ADM. Y LEGAL,DG DE INFORMACION JURIDICA Y EXTENS.,1015,C1015ABJ
-58.3867736586025,-34.6035856370406,SAN NICOLAS,1,URUGUAY ,428,,PROCURACION GENERAL,PGA DE ASUNTOS INST. Y EMPLEO PUBLICO,,1015,C1015ABJ
-58.3867736586025,-34.6035856370406,SAN NICOLAS,1,URUGUAY ,428,,PROCURACION GENERAL,PGA DE ASUNTOS INST. Y EMPLEO PUBLICO,DG ASUNTOS COMUNALES,1015,C1015ABJ
-58.3867736586025,-34.6035856370406,SAN NICOLAS,1,URUGUAY ,428,,PROCURACION GENERAL,PGA DE ASUNTOS INST. Y EMPLEO PUBLICO,DG ASUNTOS INSTITUCIONALES,1015,C1015ABJ
-58.3867736586025,-34.6035856370406,SAN NICOLAS,1,URUGUAY ,428,,PROCURACION GENERAL,PGA DE ASUNTOS INST. Y EMPLEO PUBLICO,DG EMPLEO PUBLICO,1015,C1015ABJ
-58.3867736586025,-34.6035856370406,SAN NICOLAS,1,URUGUAY ,428,,PROCURACION GENERAL,PGA DE ASUNTOS INST. Y EMPLEO PUBLICO,DG SUMARIOS,1015,C1015ABJ
-58.3867736586025,-34.6035856370406,SAN NICOLAS,1,URUGUAY ,428,,PROCURACION GENERAL,PGA DE ASUNTOS PATRIM.Y FISCALES,,1015,C1015ABJ
-58.3867736586025,-34.6035856370406,SAN NICOLAS,1,URUGUAY ,428,,PROCURACION GENERAL,PGA DE ASUNTOS PATRIM.Y FISCALES,DG ASUNTOS PATRIMONIALES,1015,C1015ABJ
-58.3867736586025,-34.6035856370406,SAN NICOLAS,1,URUGUAY ,428,,PROCURACION GENERAL,PGA DE ASUNTOS PATRIM.Y FISCALES,DG ASUNTOS TRIBUT. Y REC. FISCALES,1015,C1015ABJ
-58.3867736586025,-34.6035856370406,SAN NICOLAS,1,URUGUAY ,428,,PROCURACION GENERAL,PGA DE ASUNTOS PATRIM.Y FISCALES,DG RELACIONES CONTRACTUALES,1015,C1015ABJ
-58.3867736586025,-34.6035856370406,SAN NICOLAS,1,URUGUAY ,428,,PROCURACION GENERAL,UNIDAD DE AUDITORIA INTERNA,,1015,C1015ABJ
-58.386783658493,-34.6033056379097,SAN NICOLAS,1,URUGUAY ,454,,PROCURACION GENERAL,,,1015,C1015ABJ
-58.386783658493,-34.6033056379097,SAN NICOLAS,1,URUGUAY ,454,,PROCURACION GENERAL,DG TECNICA ADM. Y LEGAL,DG DE ASUNTOS PENALES,1015,C1015ABJ
-58.386783658493,-34.6033056379097,SAN NICOLAS,1,URUGUAY ,454,,PROCURACION GENERAL,DG TECNICA ADM. Y LEGAL,DG DE INFORMACION JURIDICA Y EXTENS.,1015,C1015ABJ
-58.386783658493,-34.6033056379097,SAN NICOLAS,1,URUGUAY ,454,,PROCURACION GENERAL,PGA DE ASUNTOS INST. Y EMPLEO PUBLICO,DG ASUNTOS COMUNALES,1015,C1015ABJ
-58.386783658493,-34.6033056379097,SAN NICOLAS,1,URUGUAY ,454,,PROCURACION GENERAL,PGA DE ASUNTOS INST. Y EMPLEO PUBLICO,DG ASUNTOS INSTITUCIONALES,1015,C1015ABJ
-58.386783658493,-34.6033056379097,SAN NICOLAS,1,URUGUAY ,454,,PROCURACION GENERAL,PGA DE ASUNTOS INST. Y EMPLEO PUBLICO,DG EMPLEO PUBLICO,1015,C1015ABJ
-58.386783658493,-34.6033056379097,SAN NICOLAS,1,URUGUAY ,454,,PROCURACION GENERAL,PGA DE ASUNTOS INST. Y EMPLEO PUBLICO,DG SUMARIOS,1015,C1015ABJ
-58.386783658493,-34.6033056379097,SAN NICOLAS,1,URUGUAY ,454,,PROCURACION GENERAL,PGA DE ASUNTOS PATRIM.Y FISCALES,,1015,C1015ABJ
-58.386783658493,-34.6033056379097,SAN NICOLAS,1,URUGUAY ,454,,PROCURACION GENERAL,PGA DE ASUNTOS PATRIM.Y FISCALES,DG ASUNTOS PATRIMONIALES,1015,C1015ABJ
-58.386783658493,-34.6033056379097,SAN NICOLAS,1,URUGUAY ,454,,PROCURACION GENERAL,PGA DE ASUNTOS PATRIM.Y FISCALES,DG ASUNTOS TRIBUT. Y REC. FISCALES,1015,C1015ABJ
-58.386783658493,-34.6033056379097,SAN NICOLAS,1,URUGUAY ,454,,PROCURACION GENERAL,PGA DE ASUNTOS PATRIM.Y FISCALES,DG RELACIONES CONTRACTUALES,1015,C1015ABJ
-58.386783658493,-34.6033056379097,SAN NICOLAS,1,URUGUAY ,454,,PROCURACION GENERAL,UNIDAD DE AUDITORIA INTERNA,,1015,C1015ABJ
-58.3868936572234,-34.6001056475015,SAN NICOLAS,1,URUGUAY ,740,,JEFATURA DE GABINETE DE MINISTROS,SUBSEC DESCENTRALIZACION,COMUNA 1,1015,C1015ABP
-58.386613657957,-34.5999256480253,SAN NICOLAS,1,URUGUAY ,749,Piso:1º,MINISTERIO DE GOBIERNO,SS GOBIERNO,DG REG DEL EST CIVIL Y CAPAC DE LAS PERSONAS,1015,C1015ABO
-58.3823836723636,-34.6052756329069,SAN NICOLAS,1,CERRITO ,264,"Piso:10°, 11°, ; SARMIENTO 1116/1124","MINISTERIO DE MODERNIZACION, INNOVACION Y TECNOLOGIA",SS DE DEPORTES,,1010,C1010AAF
-58.3823836723636,-34.6052756329069,SAN NICOLAS,1,CERRITO ,264,"Piso:10°, 11°, ; SARMIENTO 1116/1124","MINISTERIO DE MODERNIZACION, INNOVACION Y TECNOLOGIA",SS DE DEPORTES,DG DEPORTE SOCIAL Y DESARROLLO DEPORTIVO,1010,C1010AAF
-58.3826636699081,-34.59958564987,SAN NICOLAS,1,CERRITO ,750,,TRIBUNAL SUPERIOR DE JUSTICIA DE LA CIUDAD DE BUENOS AIRES,,,1010,C1010AAP
-58.380653677834,-34.6063456300288,SAN NICOLAS,1,"PELLEGRINI, CARLOS ",179,Piso:3º/4º/5º,"MINISTERIO DE MODERNIZACION, INNOVACION Y TECNOLOGIA",SS DESARROLLO INCLUSIVO,INSTITUTO DE VIVIENDA DE LA CIUDAD (IVC),1009,C1009ABC
-58.3807436771827,-34.6046656349833,SAN NICOLAS,1,"PELLEGRINI, CARLOS ",313,,MINISTERIO DE HACIENDA,SS DE GESTION Y ADM. FINANCIERA,DG CONTADURIA,1009,C1009ABG
-58.3807436771827,-34.6046656349833,SAN NICOLAS,1,"PELLEGRINI, CARLOS ",313,,MINISTERIO DE SALUD,,,1009,C1009ABG
-58.3807436771827,-34.6046656349833,SAN NICOLAS,1,"PELLEGRINI, CARLOS ",313,,MINISTERIO DE SALUD,SS DE ADMINISTRACIÓN DEL SISTEMA DE SALUD,,1009,C1009ABG
-58.3807436771827,-34.6046656349833,SAN NICOLAS,1,"PELLEGRINI, CARLOS ",313,,MINISTERIO DE SALUD,SS DE ADMINISTRACIÓN DEL SISTEMA DE SALUD,DG ADMINISTRACION Y DESARROLLO DE RECURSOS HUMANOS,1009,C1009ABG
-58.3807436771827,-34.6046656349833,SAN NICOLAS,1,"PELLEGRINI, CARLOS ",313,,MINISTERIO DE SALUD,SS DE ADMINISTRACIÓN DEL SISTEMA DE SALUD,DG ADMINISTRATIVA CONTABLE,1009,C1009ABG
-58.3807436771827,-34.6046656349833,SAN NICOLAS,1,"PELLEGRINI, CARLOS ",313,,MINISTERIO DE SALUD,SS DE ADMINISTRACIÓN DEL SISTEMA DE SALUD,DG LEGAL Y TECNICA,1009,C1009ABG
-58.3807436771827,-34.6046656349833,SAN NICOLAS,1,"PELLEGRINI, CARLOS ",313,,MINISTERIO DE SALUD,SS DE ADMINISTRACIÓN DEL SISTEMA DE SALUD,DG PLANEAMIENTO Y PRESUPUESTO,1009,C1009ABG
-58.3807436771827,-34.6046656349833,SAN NICOLAS,1,"PELLEGRINI, CARLOS ",313,,MINISTERIO DE SALUD,SS DE ADMINISTRACIÓN DEL SISTEMA DE SALUD,DG RECURSOS FISICOS EN SALUD,1009,C1009ABG
-58.3807436771827,-34.6046656349833,SAN NICOLAS,1,"PELLEGRINI, CARLOS ",313,,MINISTERIO DE SALUD,SS DE ADMINISTRACIÓN DEL SISTEMA DE SALUD,DG SISTEMAS INFORMATICOS,1009,C1009ABG
-58.3807436771827,-34.6046656349833,SAN NICOLAS,1,"PELLEGRINI, CARLOS ",313,,MINISTERIO DE SALUD,SS DE ATENCION INTEGRADA DE SALUD,DG ATENCION MEDICA DE EMERGENCIAS (SAME),1009,C1009ABG
-58.3801236789992,-34.6047556348359,SAN NICOLAS,1,SAENZ PE,924,Piso:9° Piso/1°,MINISTERIO DE HACIENDA,INSTITUTO DE JUEGO Y APUESTAS,,,
-58.385385668057,-34.6221825817377,CONSTITUCION,1,"SAN JUAN, Av. ",1369,,MINISTERIO DE HACIENDA,AGIP,DG ESTADISTICAS Y CENSOS,1148,C1148AAB
-58.4497134647327,-34.5926756575718,CHACARITA,15,LEIVA ,4262,,MINISTERIO DE AMBIENTE Y ESPACIO PUBLICO,SS DE USO DEL ESPACIO PUBLICO,DG MANTENIMIENTOS Y TALLERES,1427,C1427EMH
-58.452223456593,-34.5906356631671,CHACARITA,15,"NEWBERY, JORGE ",4218,,MINISTERIO DE HABITAT Y DESARROLLO HUMANO,SS DE FORTALECIMIENTO FAMILIAR Y COMUNITARIO,DG ATENCION INMEDIATA,1427,C1427EGV
-58.452223456593,-34.5906356631671,CHACARITA,15,"NEWBERY, JORGE ",4218,,MINISTERIO DE JUSTICIA Y SEGURIDAD,,,1427,C1427EGV
-58.452223456593,-34.5906356631671,CHACARITA,15,"NEWBERY, JORGE ",4218,,MINISTERIO DE JUSTICIA Y SEGURIDAD,SS DE ADMINIST DE LA POLICIA METROPOLITANA,,1427,C1427EGV
-58.452223456593,-34.5906356631671,CHACARITA,15,"NEWBERY, JORGE ",4218,,MINISTERIO DE JUSTICIA Y SEGURIDAD,SS DE EMERGENCIAS,DG DE GUARDIA DE AUXILIO Y EMERGENCIAS,1427,C1427EGV
-58.452223456593,-34.5906356631671,CHACARITA,15,"NEWBERY, JORGE ",4218,,MINISTERIO DE JUSTICIA Y SEGURIDAD,SS DE EMERGENCIAS,DG DEFENSA CIVIL,1427,C1427EGV
-58.452223456593,-34.5906356631671,CHACARITA,15,"NEWBERY, JORGE ",4218,,MINISTERIO DE JUSTICIA Y SEGURIDAD,SS DE EMERGENCIAS,DG LOGISTICA,1427,C1427EGV
-58.452223456593,-34.5906356631671,CHACARITA,15,"NEWBERY, JORGE ",4218,,MINISTERIO DE JUSTICIA Y SEGURIDAD,SS JEFATURA DE POLICIA METROPOLITANA,,1427,C1427EGV
-58.452223456593,-34.5906356631671,CHACARITA,15,"NEWBERY, JORGE ",4218,,SECRETARIA DE GESTION COMUNAL Y ATENCION CIUDADANA,SS DESCENTRALIZACION Y PARTICIPACION CIUDADANA,DG SERVICIOS DESCONCENTRADOS Y MATENIMIENTO EDILICIO,1427,C1427EGV
-58.4720833920644,-34.5753157052314,VILLA ORTUZAR,15,LA PAMPA ,4222,Piso:PB Depto:3,MINISTERIO DE DESARROLLO URBANO Y TRANSPORTE,UNIDAD EJECUTORA EX AU3,,1430,C1430BXT
-58.46414341761,-34.5805556910673,VILLA ORTUZAR,15,CHARLONE ,1553,,MINISTERIO DE AMBIENTE Y ESPACIO PUBLICO,SS DE USO DEL ESPACIO PUBLICO,DG FERIAS Y MERCADOS,1427,C1427BYE
-58.46414341761,-34.5805556910673,VILLA ORTUZAR,15,CHARLONE ,1553,,MINISTERIO DE HABITAT Y DESARROLLO HUMANO,SS TERCERA EDAD,,1427,C1427BYE
-58.46414341761,-34.5805556910673,VILLA ORTUZAR,15,CHARLONE ,1553,,MINISTERIO DE HACIENDA,SS GESTION OPERATIVA,DG COMPRAS Y CONTRATACIONES,1427,C1427BYE
-58.46414341761,-34.5805556910673,VILLA ORTUZAR,15,CHARLONE ,1553,,VICEJEFATURA DE GOBIERNO,SECRETARIA DE DESARROLLO CIUDADANO,DG DESARROLLO SALUDABLE,1427,C1427BYE
-58.4603934378469,-34.6123155967678,VILLA GRAL. MITRE,11,"ALVAREZ, DONATO, Tte. Gral., Av. ",1230,,MINISTERIO DE SALUD,SS DE ADMINISTRACIÓN DEL SISTEMA DE SALUD,DG LEGAL Y TECNICA,1416,C1416BTO
-58.4603934378469,-34.6123155967678,VILLA GRAL. MITRE,11,"ALVAREZ, DONATO, Tte. Gral., Av. ",1230,,MINISTERIO DE SALUD,SS DE ADMINISTRACIÓN DEL SISTEMA DE SALUD,UNIDAD CENTRALIZADA DE ADQUISICIONES DE SALUD,1416,C1416BTO
-58.4603934378469,-34.6123155967678,VILLA GRAL. MITRE,11,"ALVAREZ, DONATO, Tte. Gral., Av. ",1230,,MINISTERIO DE SALUD,SS DE ATENCION INTEGRADA DE SALUD,DG ATENCION MEDICA DE EMERGENCIAS (SAME),1416,C1416BTO
-58.4603934378469,-34.6123155967678,VILLA GRAL. MITRE,11,"ALVAREZ, DONATO, Tte. Gral., Av. ",1230,,MINISTERIO DE SALUD,SS DE ATENCION INTEGRADA DE SALUD,DG DE REDES Y PROGRAMAS DE SALUD,1416,C1416BTO
-58.4738333931513,-34.5981856364361,PATERNAL,15,"WARNES, Av. ",2362,,MINISTERIO DE HABITAT Y DESARROLLO HUMANO,SS ADMINISTRACION,DG INFRAESTRUCTURA SOCIAL,1427,C1427DPP
-58.5163132674157,-34.6088155965302,VILLA DEVOTO,11,"BEIRO, FRANCISCO, Av. ",4680,,SECRETARIA DE GESTION COMUNAL Y ATENCION CIUDADANA,SS DESCENTRALIZACION Y PARTICIPACION CIUDADANA,UNIDADES DE ATENCION CIUDADANA,1419,C1419HZV
-58.5160532680927,-34.6083055981262,VILLA DEVOTO,11,"BEIRO, FRANCISCO, Av. ",4629,,JEFATURA DE GABINETE DE MINISTROS,SUBSEC DESCENTRALIZACION,COMUNA 11,1419,C1419HZI
-58.463893410894,-34.5538057711459,NUÑEZ,13,"CABILDO, Av. ",3053,,JEFATURA DE GABINETE DE MINISTROS,SUBSEC DESCENTRALIZACION,COMUNA 5,1429,C1429AAB
-58.4828533576269,-34.5687557227928,VILLA URQUIZA,12,MILLER ,2751,,JEFATURA DE GABINETE DE MINISTROS,SUBSEC DESCENTRALIZACION,COMUNA 4,1431,C1431GEC
-58.4318635091672,-34.5584257634024,PALERMO,14,"BELLO, ANDRES SN",,,MINISTERIO DE AMBIENTE Y ESPACIO PUBLICO,SS MANTENIMIENTO DEL ESPACIO PUBLICO,,,
-58.4465534719996,-34.584295683215,CHACARITA,15,"ARENAL, CONCEPCION ",3530,,"CONSEJO DE LOS DERECHOS DE LOS NIÑOS, NIÑAS Y ADOLESCENTES",,,1427,C1427EKD
-58.441013489596,-34.5872156755244,CHACARITA,15,"CORDOBA, Av. ",5652,,MINISTERIO DE DESARROLLO URBANO Y TRANSPORTE,UNIDAD EJECUTORA EX AU3,,1414,C1414BBP
-58.4412934886702,-34.5870356760329,CHACARITA,15,"CORDOBA, Av. ",5686,,SECRETARIA DE GESTION COMUNAL Y ATENCION CIUDADANA,SS DESCENTRALIZACION Y PARTICIPACION CIUDADANA,,1414,C1414BBP
-58.4416534875942,-34.5871156757158,CHACARITA,15,BONPLAND ,1269,,SECRETARIA DE GESTION COMUNAL Y ATENCION CIUDADANA,SS DESCENTRALIZACION Y PARTICIPACION CIUDADANA,,1414,C1414CMK
-58.4425334829567,-34.5799856968936,COLEGIALES,13,"DORREGO, Av. ",1894,,"MINISTERIO DE MODERNIZACION, INNOVACION Y TECNOLOGIA",DG INDUSTRIAS CREATIVAS,,1414,C1414CLN
-58.4425334829567,-34.5799856968936,COLEGIALES,13,"DORREGO, Av. ",1894,,"MINISTERIO DE MODERNIZACION, INNOVACION Y TECNOLOGIA",SS DE INVERSIONES,DG PROMOCION DE INVERSIONES,1414,C1414CLN
-58.4237235403475,-34.5813156965711,PALERMO,14,G,4601,,MINISTERIO DE EDUCACION,,,,
-58.4232835413009,-34.5803056996354,PALERMO,14,"SANTA FE, Av. ",4358,,MINISTERIO DE EDUCACION,SS GESTION EDUCATIVA Y COORD PEDAGOGICA,,1425,C1425BHS
-58.4232835413009,-34.5803056996354,PALERMO,14,"SANTA FE, Av. ",4358,,MINISTERIO DE EDUCACION,SS GESTION EDUCATIVA Y COORD PEDAGOGICA,CEPA,1425,C1425BHS
-58.4232835413009,-34.5803056996354,PALERMO,14,"SANTA FE, Av. ",4358,,MINISTERIO DE EDUCACION,SS GESTION EDUCATIVA Y COORD PEDAGOGICA,DG DE EDUCACION DE GESTION PRIVADA,1425,C1425BHS
-58.4117335749454,-34.5755457161452,PALERMO,14,"CASARES, Av. ",3400,,JEFATURA DE GABINETE DE MINISTROS,,,,
-58.4117335749454,-34.5755457161452,PALERMO,14,"CASARES, Av. ",3400,,MINISTERIO DE AMBIENTE Y ESPACIO PUBLICO,,,,
-58.4117335749454,-34.5755457161452,PALERMO,14,"CASARES, Av. ",3400,,MINISTERIO DE AMBIENTE Y ESPACIO PUBLICO,SS MANTENIMIENTO DEL ESPACIO PUBLICO,DG ESPACIOS VERDES,,
-58.4403134947917,-34.5982556427145,VILLA CRESPO,15,"CORRIENTES, Av. ",5377,,MINISTERIO DE JUSTICIA Y SEGURIDAD,SS SEGURIDAD URBANA,DG CUSTODIA Y SEGURIDAD DE BIENES GCABA,1414,C1414AJG
-58.3989036198837,-34.5966656554412,RECOLETA,2,"URIBURU JOSE E., Pres. ",1020,,JEFATURA DE GABINETE DE MINISTROS,SUBSEC DESCENTRALIZACION,COMUNA 2,1114,C1114AAF
-58.4092735857749,-34.5872256816776,PALERMO,14,BERUTI ,3345,,CONSEJO DE LA MAGISTRATURA DE LA CABA,,,1425,C1425BBQ
-58.4092735857749,-34.5872256816776,PALERMO,14,BERUTI ,3345,,JEFATURA DE GABINETE DE MINISTROS,SUBSEC DESCENTRALIZACION,COMUNA 6,1425,C1425BBQ
-58.4049635977257,-34.5832256944812,PALERMO,14,"ORTIZ DE OCAMPO, Av. ",2515,"Piso:3 - 4Piso; LAS HERAS, Gral., Av. 3071/3079",MINISTERIO DE JUSTICIA Y SEGURIDAD,AGENCIA GUBERNAMENTAL DE CONTROL,DG DE HIGIENE Y SEGURIDAD ALIMENTARIA,1425,C1425DSA
-58.3863036529256,-34.5787557113951,RETIRO,1,"CASTILLO, RAMON S., Pres., Av. ",1720,,MINISTERIO DE JUSTICIA Y SEGURIDAD,SS DE ADMINIST DE LA POLICIA METROPOLITANA,,1104,C1104BJQ
-58.3860836593987,-34.5991156505687,RETIRO,1,"CORDOBA, Av. ",1341,Piso:8° A,PROCURACION GENERAL,,,1055,C1055AAD
-58.3845036641014,-34.5990456511314,RETIRO,1,"CORDOBA, Av. ",1231,"Piso:PB, 1°",PROCURACION GENERAL,,,1055,C1055AAC
-58.3601037410703,-34.6097256239327,PUERTO MADERO,1,"DE LOS ITALIANOS, Av. ",851,,MINISTERIO DE CULTURA,SS PATRIMONIO CULTURAL,DG MUSEOS,,
-58.3583037462662,-34.6086256275491,PUERTO MADERO,1,"ACHAVAL RODRIGUEZ, T., Dr., Av. Cost. SN",,,MINISTERIO DE AMBIENTE Y ESPACIO PUBLICO,SS MANTENIMIENTO DEL ESPACIO PUBLICO,DG ESPACIOS VERDES,,
